> Task :compileJava UP-TO-DATE
> Task :processResources UP-TO-DATE
> Task :classes UP-TO-DATE
> Task :resolveMainClassName

> Task :bootRun

  .   ____          _            __ _ _
 /\\ / ___'_ __ _ _(_)_ __  __ _ \ \ \ \
( ( )\___ | '_ | '_| | '_ \/ _` | \ \ \ \
 \\/  ___)| |_)| | | | | || (_| |  ) ) ) )
  '  |____| .__|_| |_|_| |_\__, | / / / /
 =========|_|==============|___/=/_/_/_/

 :: Spring Boot ::                (v4.0.0)

2026-01-29T14:44:06.036Z  INFO 60976 --- [jpcard] [           main] com.jpcard.JpcardApplication             : Starting JpcardApplication using Java 21.0.9 with PID 60976 (/app/backend/build/classes/java/main started by jules in /app/backend)
2026-01-29T14:44:06.047Z  INFO 60976 --- [jpcard] [           main] com.jpcard.JpcardApplication             : No active profile set, falling back to 1 default profile: "default"
2026-01-29T14:44:07.955Z  INFO 60976 --- [jpcard] [           main] .s.d.r.c.RepositoryConfigurationDelegate : Bootstrapping Spring Data JPA repositories in DEFAULT mode.
2026-01-29T14:44:08.118Z  INFO 60976 --- [jpcard] [           main] .s.d.r.c.RepositoryConfigurationDelegate : Finished Spring Data repository scanning in 142 ms. Found 9 JPA repository interfaces.
2026-01-29T14:44:09.474Z  INFO 60976 --- [jpcard] [           main] o.s.boot.tomcat.TomcatWebServer          : Tomcat initialized with port 8080 (http)
2026-01-29T14:44:09.518Z  INFO 60976 --- [jpcard] [           main] o.apache.catalina.core.StandardService   : Starting service [Tomcat]
2026-01-29T14:44:09.519Z  INFO 60976 --- [jpcard] [           main] o.apache.catalina.core.StandardEngine    : Starting Servlet engine: [Apache Tomcat/11.0.14]
2026-01-29T14:44:09.595Z  INFO 60976 --- [jpcard] [           main] b.w.c.s.WebApplicationContextInitializer : Root WebApplicationContext: initialization completed in 3307 ms
2026-01-29T14:44:09.799Z  INFO 60976 --- [jpcard] [           main] o.hibernate.jpa.internal.util.LogHelper  : HHH000204: Processing PersistenceUnitInfo [name: default]
2026-01-29T14:44:09.862Z  INFO 60976 --- [jpcard] [           main] org.hibernate.Version                    : HHH000412: Hibernate ORM core version 7.1.8.Final
2026-01-29T14:44:10.776Z  INFO 60976 --- [jpcard] [           main] o.s.o.j.p.SpringPersistenceUnitInfo      : No LoadTimeWeaver setup: ignoring JPA class transformer
2026-01-29T14:44:10.831Z  INFO 60976 --- [jpcard] [           main] com.zaxxer.hikari.HikariDataSource       : HikariPool-1 - Starting...
2026-01-29T14:44:11.082Z  INFO 60976 --- [jpcard] [           main] com.zaxxer.hikari.pool.HikariPool        : HikariPool-1 - Added connection conn0: url=jdbc:h2:mem:jpcard user=SA
2026-01-29T14:44:11.093Z  INFO 60976 --- [jpcard] [           main] com.zaxxer.hikari.HikariDataSource       : HikariPool-1 - Start completed.
2026-01-29T14:44:11.120Z  WARN 60976 --- [jpcard] [           main] org.hibernate.orm.deprecation            : HHH90000025: H2Dialect does not need to be specified explicitly using 'hibernate.dialect' (remove the property setting and it will be selected by default)
2026-01-29T14:44:11.144Z  INFO 60976 --- [jpcard] [           main] org.hibernate.orm.connections.pooling    : HHH10001005: Database info:
	Database JDBC URL [jdbc:h2:mem:jpcard]
	Database driver: H2 JDBC Driver
	Database dialect: H2Dialect
	Database version: 2.4.240
	Default catalog/schema: JPCARD/PUBLIC
	Autocommit mode: undefined/unknown
	Isolation level: READ_COMMITTED [default READ_COMMITTED]
	JDBC fetch size: 100
	Pool: DatasourceConnectionProviderImpl
	Minimum pool size: undefined/unknown
	Maximum pool size: undefined/unknown
2026-01-29T14:44:13.277Z  INFO 60976 --- [jpcard] [           main] o.h.e.t.j.p.i.JtaPlatformInitiator       : HHH000489: No JTA platform available (set 'hibernate.transaction.jta.platform' to enable JTA platform integration)
2026-01-29T14:44:13.348Z DEBUG 60976 --- [jpcard] [           main] org.hibernate.SQL                        :
    create table card_template_fields (
        template_id bigint not null,
        field_name varchar(255),
        field_order integer not null,
        primary key (template_id, field_order)
    )
2026-01-29T14:44:13.356Z DEBUG 60976 --- [jpcard] [           main] org.hibernate.SQL                        :
    create table card_templates (
        id bigint generated by default as identity,
        name varchar(255) not null,
        user_id bigint,
        primary key (id)
    )
2026-01-29T14:44:13.363Z DEBUG 60976 --- [jpcard] [           main] org.hibernate.SQL                        :
    create table cards (
        id bigint generated by default as identity,
        content_json TEXT,
        is_memorized boolean not null,
        meaning varchar(255) not null,
        note_id bigint,
        term varchar(255) not null,
        deck_id bigint,
        primary key (id)
    )
2026-01-29T14:44:13.366Z DEBUG 60976 --- [jpcard] [           main] org.hibernate.SQL                        :
    create table comments (
        id bigint generated by default as identity,
        author_name varchar(255),
        content TEXT not null,
        ip_address varchar(255),
        parent_id bigint,
        post_id bigint,
        primary key (id)
    )
2026-01-29T14:44:13.367Z DEBUG 60976 --- [jpcard] [           main] org.hibernate.SQL                        :
    create table decks (
        id bigint generated by default as identity,
        description TEXT,
        is_public boolean not null,
        name varchar(255) not null,
        card_template_id bigint,
        user_id bigint,
        primary key (id)
    )
2026-01-29T14:44:13.369Z DEBUG 60976 --- [jpcard] [           main] org.hibernate.SQL                        :
    create table post_attachments (
        id bigint generated by default as identity,
        original_filename varchar(255) not null,
        store_filename varchar(255) not null,
        post_id bigint,
        primary key (id)
    )
2026-01-29T14:44:13.371Z DEBUG 60976 --- [jpcard] [           main] org.hibernate.SQL                        :
    create table posts (
        id bigint generated by default as identity,
        author_name varchar(255),
        content TEXT not null,
        ip_address varchar(255),
        is_notice boolean not null,
        like_count integer not null,
        title varchar(255) not null,
        primary key (id)
    )
2026-01-29T14:44:13.375Z DEBUG 60976 --- [jpcard] [           main] org.hibernate.SQL                        :
    create table study_logs (
        id bigint generated by default as identity,
        rating varchar(255) not null,
        studied_at timestamp(6) not null,
        card_id bigint not null,
        user_id bigint not null,
        primary key (id)
    )
2026-01-29T14:44:13.377Z DEBUG 60976 --- [jpcard] [           main] org.hibernate.SQL                        :
    create table user_card_progress (
        id bigint generated by default as identity,
        ease float(53) not null,
        first_studied_at timestamp(6),
        interval_minutes integer not null,
        lapses integer not null,
        learning_step integer not null,
        next_review timestamp(6) not null,
        repetitions integer not null,
        status enum ('LEARNING','NEW','RELEARNING','REVIEW','SUSPENDED') not null,
        card_id bigint not null,
        user_id bigint not null,
        primary key (id)
    )
2026-01-29T14:44:13.383Z DEBUG 60976 --- [jpcard] [           main] org.hibernate.SQL                        :
    create table user_roles (
        user_id bigint not null,
        role tinyint check ((role between 0 and 2))
    )
2026-01-29T14:44:13.385Z DEBUG 60976 --- [jpcard] [           main] org.hibernate.SQL                        :
    create table users (
        id bigint generated by default as identity,
        daily_limit integer not null,
        password varchar(255) not null,
        refresh_token varchar(255),
        status enum ('ACTIVE','BANNED','INACTIVE'),
        timezone varchar(255) not null,
        username varchar(255) not null,
        primary key (id)
    )
2026-01-29T14:44:13.387Z DEBUG 60976 --- [jpcard] [           main] org.hibernate.SQL                        :
    alter table if exists user_card_progress
       drop constraint if exists UKk8fi0algfumrineh4ir6r59qa
2026-01-29T14:44:13.389Z DEBUG 60976 --- [jpcard] [           main] org.hibernate.SQL                        :
    alter table if exists user_card_progress
       add constraint UKk8fi0algfumrineh4ir6r59qa unique (user_id, card_id)
2026-01-29T14:44:13.391Z DEBUG 60976 --- [jpcard] [           main] org.hibernate.SQL                        :
    alter table if exists users
       drop constraint if exists UKr43af9ap4edm43mmtq01oddj6
2026-01-29T14:44:13.392Z DEBUG 60976 --- [jpcard] [           main] org.hibernate.SQL                        :
    alter table if exists users
       add constraint UKr43af9ap4edm43mmtq01oddj6 unique (username)
2026-01-29T14:44:13.394Z DEBUG 60976 --- [jpcard] [           main] org.hibernate.SQL                        :
    alter table if exists card_template_fields
       add constraint FKk4ngvlu5g89gpv73l6l6in6k3
       foreign key (template_id)
       references card_templates
2026-01-29T14:44:13.405Z DEBUG 60976 --- [jpcard] [           main] org.hibernate.SQL                        :
    alter table if exists card_templates
       add constraint FK864i1u5y7pt809rvkwhrr8ed5
       foreign key (user_id)
       references users
2026-01-29T14:44:13.407Z DEBUG 60976 --- [jpcard] [           main] org.hibernate.SQL                        :
    alter table if exists cards
       add constraint FKi7eg9pr1nooc66s02ht1h3ew8
       foreign key (deck_id)
       references decks
2026-01-29T14:44:13.409Z DEBUG 60976 --- [jpcard] [           main] org.hibernate.SQL                        :
    alter table if exists comments
       add constraint FKlri30okf66phtcgbe5pok7cc0
       foreign key (parent_id)
       references comments
2026-01-29T14:44:13.412Z DEBUG 60976 --- [jpcard] [           main] org.hibernate.SQL                        :
    alter table if exists comments
       add constraint FKh4c7lvsc298whoyd4w9ta25cr
       foreign key (post_id)
       references posts
2026-01-29T14:44:13.415Z DEBUG 60976 --- [jpcard] [           main] org.hibernate.SQL                        :
    alter table if exists decks
       add constraint FK8iws5yq3bkfy3tdptfo1tdn6p
       foreign key (card_template_id)
       references card_templates
2026-01-29T14:44:13.417Z DEBUG 60976 --- [jpcard] [           main] org.hibernate.SQL                        :
    alter table if exists decks
       add constraint FKj0ey511pphfxbxbh8ri1616uv
       foreign key (user_id)
       references users
2026-01-29T14:44:13.420Z DEBUG 60976 --- [jpcard] [           main] org.hibernate.SQL                        :
    alter table if exists post_attachments
       add constraint FKdwocy2l1nlf11ebpfrax6sto1
       foreign key (post_id)
       references posts
2026-01-29T14:44:13.423Z DEBUG 60976 --- [jpcard] [           main] org.hibernate.SQL                        :
    alter table if exists study_logs
       add constraint FKtpq80w22jm3db5ryroyldfno2
       foreign key (card_id)
       references cards
2026-01-29T14:44:13.427Z DEBUG 60976 --- [jpcard] [           main] org.hibernate.SQL                        :
    alter table if exists study_logs
       add constraint FKgasx5buyueub0tn22uels0tmj
       foreign key (user_id)
       references users
2026-01-29T14:44:13.430Z DEBUG 60976 --- [jpcard] [           main] org.hibernate.SQL                        :
    alter table if exists user_card_progress
       add constraint FK394ga84k27njiwbvs4bhlybn0
       foreign key (card_id)
       references cards
2026-01-29T14:44:13.433Z DEBUG 60976 --- [jpcard] [           main] org.hibernate.SQL                        :
    alter table if exists user_card_progress
       add constraint FKbw3njg4g785v30016ukmum62j
       foreign key (user_id)
       references users
2026-01-29T14:44:13.436Z DEBUG 60976 --- [jpcard] [           main] org.hibernate.SQL                        :
    alter table if exists user_roles
       add constraint FKhfh9dx7w3ubf1co1vdev94g3f
       foreign key (user_id)
       references users
2026-01-29T14:44:13.441Z  INFO 60976 --- [jpcard] [           main] j.LocalContainerEntityManagerFactoryBean : Initialized JPA EntityManagerFactory for persistence unit 'default'
2026-01-29T14:44:13.549Z  INFO 60976 --- [jpcard] [           main] o.s.d.j.r.query.QueryEnhancerFactories   : Hibernate is in classpath; If applicable, HQL parser will be used.
2026-01-29T14:44:15.490Z DEBUG 60976 --- [jpcard] [           main] org.hibernate.SQL                        :
    select
        count(*)
    from
        card_templates ct1_0
2026-01-29T14:44:15.546Z DEBUG 60976 --- [jpcard] [           main] org.hibernate.SQL                        :
    insert
    into
        card_templates
        (name, user_id, id)
    values
        (?, ?, default)
2026-01-29T14:44:15.574Z DEBUG 60976 --- [jpcard] [           main] org.hibernate.SQL                        :
    insert
    into
        card_template_fields
        (template_id, field_order, field_name)
    values
        (?, ?, ?)
2026-01-29T14:44:15.575Z DEBUG 60976 --- [jpcard] [           main] org.hibernate.SQL                        :
    insert
    into
        card_template_fields
        (template_id, field_order, field_name)
    values
        (?, ?, ?)
2026-01-29T14:44:16.871Z  WARN 60976 --- [jpcard] [           main] .s.a.UserDetailsServiceAutoConfiguration :

Using generated security password: 8d0a5d98-d9dc-4ce9-9ff6-58575140efac

This generated password is for development use only. Your security configuration must be updated before running your application in production.

2026-01-29T14:44:16.882Z  INFO 60976 --- [jpcard] [           main] r$InitializeUserDetailsManagerConfigurer : Global AuthenticationManager configured with UserDetailsService bean with name inMemoryUserDetailsManager
2026-01-29T14:44:17.093Z  WARN 60976 --- [jpcard] [           main] o.s.s.c.a.web.builders.WebSecurity       : You are asking Spring Security to ignore PathPattern [/uploads/**]. This is not recommended -- please use permitAll via HttpSecurity#authorizeHttpRequests instead.
2026-01-29T14:44:17.554Z  INFO 60976 --- [jpcard] [           main] o.s.boot.tomcat.TomcatWebServer          : Tomcat started on port 8080 (http) with context path '/'
2026-01-29T14:44:17.562Z  INFO 60976 --- [jpcard] [           main] com.jpcard.JpcardApplication             : Started JpcardApplication in 13.236 seconds (process running for 15.972)
2026-01-29T14:44:17.689Z DEBUG 60976 --- [jpcard] [           main] org.hibernate.SQL                        :
    select
        u1_0.id,
        u1_0.daily_limit,
        u1_0.password,
        u1_0.refresh_token,
        u1_0.status,
        u1_0.timezone,
        u1_0.username
    from
        users u1_0
    where
        u1_0.username=?
2026-01-29T14:44:17.837Z DEBUG 60976 --- [jpcard] [           main] org.hibernate.SQL                        :
    insert
    into
        users
        (daily_limit, password, refresh_token, status, timezone, username, id)
    values
        (?, ?, ?, ?, ?, ?, default)
2026-01-29T14:44:17.841Z DEBUG 60976 --- [jpcard] [           main] org.hibernate.SQL                        :
    insert
    into
        user_roles
        (user_id, role)
    values
        (?, ?)
2026-01-29T14:44:17.842Z DEBUG 60976 --- [jpcard] [           main] org.hibernate.SQL                        :
    insert
    into
        user_roles
        (user_id, role)
    values
        (?, ?)
Manager account created: manager / password
2026-01-29T16:04:07.029Z  INFO 60976 --- [jpcard] [nio-8080-exec-1] o.a.c.c.C.[Tomcat].[localhost].[/]       : Initializing Spring DispatcherServlet 'dispatcherServlet'
2026-01-29T16:04:07.045Z  INFO 60976 --- [jpcard] [nio-8080-exec-1] o.s.web.servlet.DispatcherServlet        : Initializing Servlet 'dispatcherServlet'
2026-01-29T16:04:07.158Z  INFO 60976 --- [jpcard] [nio-8080-exec-1] o.s.web.servlet.DispatcherServlet        : Completed initialization in 111 ms
2026-01-29T16:04:08.194Z DEBUG 60976 --- [jpcard] [nio-8080-exec-1] org.hibernate.SQL                        :
    select
        u1_0.id,
        u1_0.daily_limit,
        u1_0.password,
        u1_0.refresh_token,
        u1_0.status,
        u1_0.timezone,
        u1_0.username
    from
        users u1_0
    where
        u1_0.username=?
2026-01-29T16:04:08.474Z DEBUG 60976 --- [jpcard] [nio-8080-exec-1] org.hibernate.SQL                        :
    insert
    into
        users
        (daily_limit, password, refresh_token, status, timezone, username, id)
    values
        (?, ?, ?, ?, ?, ?, default)
2026-01-29T16:04:08.511Z DEBUG 60976 --- [jpcard] [nio-8080-exec-1] org.hibernate.SQL                        :
    insert
    into
        user_roles
        (user_id, role)
    values
        (?, ?)
2026-01-29T16:04:11.072Z DEBUG 60976 --- [jpcard] [nio-8080-exec-2] org.hibernate.SQL                        :
    select
        u1_0.id,
        u1_0.daily_limit,
        u1_0.password,
        u1_0.refresh_token,
        u1_0.status,
        u1_0.timezone,
        u1_0.username
    from
        users u1_0
    where
        u1_0.username=?
2026-01-29T16:04:11.169Z DEBUG 60976 --- [jpcard] [nio-8080-exec-2] org.hibernate.SQL                        :
    select
        r1_0.user_id,
        r1_0.role
    from
        user_roles r1_0
    where
        r1_0.user_id=?
2026-01-29T16:04:11.633Z DEBUG 60976 --- [jpcard] [nio-8080-exec-2] org.hibernate.SQL                        :
    update
        users
    set
        daily_limit=?,
        password=?,
        refresh_token=?,
        status=?,
        timezone=?,
        username=?
    where
        id=?
2026-01-29T16:04:13.480Z DEBUG 60976 --- [jpcard] [nio-8080-exec-3] org.hibernate.SQL                        :
    select
        u1_0.id,
        u1_0.daily_limit,
        u1_0.password,
        u1_0.refresh_token,
        r1_0.user_id,
        r1_0.role,
        u1_0.status,
        u1_0.timezone,
        u1_0.username
    from
        users u1_0
    left join
        user_roles r1_0
            on u1_0.id=r1_0.user_id
    where
        u1_0.id=?
2026-01-29T16:04:13.552Z DEBUG 60976 --- [jpcard] [nio-8080-exec-3] org.hibernate.SQL                        :
    select
        u1_0.id,
        u1_0.daily_limit,
        u1_0.password,
        u1_0.refresh_token,
        r1_0.user_id,
        r1_0.role,
        u1_0.status,
        u1_0.timezone,
        u1_0.username
    from
        users u1_0
    left join
        user_roles r1_0
            on u1_0.id=r1_0.user_id
    where
        u1_0.id=?
2026-01-29T16:04:13.940Z DEBUG 60976 --- [jpcard] [nio-8080-exec-3] org.hibernate.SQL                        :
    select
        p1_0.id,
        p1_0.author_name,
        p1_0.content,
        p1_0.ip_address,
        p1_0.is_notice,
        p1_0.like_count,
        p1_0.title
    from
        posts p1_0
    where
        p1_0.is_notice=true
    order by
        p1_0.id desc
2026-01-29T16:04:13.987Z DEBUG 60976 --- [jpcard] [nio-8080-exec-4] org.hibernate.SQL                        :
    select
        u1_0.id,
        u1_0.daily_limit,
        u1_0.password,
        u1_0.refresh_token,
        r1_0.user_id,
        r1_0.role,
        u1_0.status,
        u1_0.timezone,
        u1_0.username
    from
        users u1_0
    left join
        user_roles r1_0
            on u1_0.id=r1_0.user_id
    where
        u1_0.id=?
2026-01-29T16:04:13.996Z DEBUG 60976 --- [jpcard] [nio-8080-exec-4] org.hibernate.SQL                        :
    select
        u1_0.id,
        u1_0.daily_limit,
        u1_0.password,
        u1_0.refresh_token,
        r1_0.user_id,
        r1_0.role,
        u1_0.status,
        u1_0.timezone,
        u1_0.username
    from
        users u1_0
    left join
        user_roles r1_0
            on u1_0.id=r1_0.user_id
    where
        u1_0.id=?
2026-01-29T16:04:14.002Z DEBUG 60976 --- [jpcard] [nio-8080-exec-4] org.hibernate.SQL                        :
    select
        p1_0.id,
        p1_0.author_name,
        p1_0.content,
        p1_0.ip_address,
        p1_0.is_notice,
        p1_0.like_count,
        p1_0.title
    from
        posts p1_0
    where
        p1_0.is_notice=true
    order by
        p1_0.id desc
2026-01-29T16:05:44.646Z DEBUG 60976 --- [jpcard] [nio-8080-exec-5] org.hibernate.SQL                        :
    select
        p1_0.id,
        p1_0.author_name,
        p1_0.content,
        p1_0.ip_address,
        p1_0.is_notice,
        p1_0.like_count,
        p1_0.title
    from
        posts p1_0
    where
        p1_0.is_notice=true
    order by
        p1_0.id desc
2026-01-29T16:05:44.668Z DEBUG 60976 --- [jpcard] [nio-8080-exec-6] org.hibernate.SQL                        :
    select
        p1_0.id,
        p1_0.author_name,
        p1_0.content,
        p1_0.ip_address,
        p1_0.is_notice,
        p1_0.like_count,
        p1_0.title
    from
        posts p1_0
    where
        p1_0.is_notice=true
    order by
        p1_0.id desc
2026-01-29T16:05:45.442Z DEBUG 60976 --- [jpcard] [nio-8080-exec-8] org.hibernate.SQL                        :
    select
        u1_0.id,
        u1_0.daily_limit,
        u1_0.password,
        u1_0.refresh_token,
        u1_0.status,
        u1_0.timezone,
        u1_0.username
    from
        users u1_0
    where
        u1_0.username=?
2026-01-29T16:05:45.588Z DEBUG 60976 --- [jpcard] [nio-8080-exec-8] org.hibernate.SQL                        :
    insert
    into
        users
        (daily_limit, password, refresh_token, status, timezone, username, id)
    values
        (?, ?, ?, ?, ?, ?, default)
2026-01-29T16:05:45.591Z DEBUG 60976 --- [jpcard] [nio-8080-exec-8] org.hibernate.SQL                        :
    insert
    into
        user_roles
        (user_id, role)
    values
        (?, ?)
2026-01-29T16:05:47.562Z DEBUG 60976 --- [jpcard] [nio-8080-exec-7] org.hibernate.SQL                        :
    select
        u1_0.id,
        u1_0.daily_limit,
        u1_0.password,
        u1_0.refresh_token,
        u1_0.status,
        u1_0.timezone,
        u1_0.username
    from
        users u1_0
    where
        u1_0.username=?
2026-01-29T16:05:47.571Z DEBUG 60976 --- [jpcard] [nio-8080-exec-7] org.hibernate.SQL                        :
    select
        r1_0.user_id,
        r1_0.role
    from
        user_roles r1_0
    where
        r1_0.user_id=?
2026-01-29T16:05:47.790Z DEBUG 60976 --- [jpcard] [nio-8080-exec-7] org.hibernate.SQL                        :
    update
        users
    set
        daily_limit=?,
        password=?,
        refresh_token=?,
        status=?,
        timezone=?,
        username=?
    where
        id=?
2026-01-29T16:05:49.405Z DEBUG 60976 --- [jpcard] [nio-8080-exec-9] org.hibernate.SQL                        :
    select
        u1_0.id,
        u1_0.daily_limit,
        u1_0.password,
        u1_0.refresh_token,
        r1_0.user_id,
        r1_0.role,
        u1_0.status,
        u1_0.timezone,
        u1_0.username
    from
        users u1_0
    left join
        user_roles r1_0
            on u1_0.id=r1_0.user_id
    where
        u1_0.id=?
2026-01-29T16:05:49.417Z DEBUG 60976 --- [jpcard] [nio-8080-exec-9] org.hibernate.SQL                        :
    select
        u1_0.id,
        u1_0.daily_limit,
        u1_0.password,
        u1_0.refresh_token,
        r1_0.user_id,
        r1_0.role,
        u1_0.status,
        u1_0.timezone,
        u1_0.username
    from
        users u1_0
    left join
        user_roles r1_0
            on u1_0.id=r1_0.user_id
    where
        u1_0.id=?
2026-01-29T16:05:49.430Z DEBUG 60976 --- [jpcard] [nio-8080-exec-9] org.hibernate.SQL                        :
    select
        p1_0.id,
        p1_0.author_name,
        p1_0.content,
        p1_0.ip_address,
        p1_0.is_notice,
        p1_0.like_count,
        p1_0.title
    from
        posts p1_0
    where
        p1_0.is_notice=true
    order by
        p1_0.id desc
2026-01-29T16:05:49.462Z DEBUG 60976 --- [jpcard] [io-8080-exec-10] org.hibernate.SQL                        :
    select
        u1_0.id,
        u1_0.daily_limit,
        u1_0.password,
        u1_0.refresh_token,
        r1_0.user_id,
        r1_0.role,
        u1_0.status,
        u1_0.timezone,
        u1_0.username
    from
        users u1_0
    left join
        user_roles r1_0
            on u1_0.id=r1_0.user_id
    where
        u1_0.id=?
2026-01-29T16:05:49.474Z DEBUG 60976 --- [jpcard] [io-8080-exec-10] org.hibernate.SQL                        :
    select
        u1_0.id,
        u1_0.daily_limit,
        u1_0.password,
        u1_0.refresh_token,
        r1_0.user_id,
        r1_0.role,
        u1_0.status,
        u1_0.timezone,
        u1_0.username
    from
        users u1_0
    left join
        user_roles r1_0
            on u1_0.id=r1_0.user_id
    where
        u1_0.id=?
2026-01-29T16:05:49.488Z DEBUG 60976 --- [jpcard] [io-8080-exec-10] org.hibernate.SQL                        :
    select
        p1_0.id,
        p1_0.author_name,
        p1_0.content,
        p1_0.ip_address,
        p1_0.is_notice,
        p1_0.like_count,
        p1_0.title
    from
        posts p1_0
    where
        p1_0.is_notice=true
    order by
        p1_0.id desc
2026-01-29T16:07:06.574Z DEBUG 60976 --- [jpcard] [nio-8080-exec-1] org.hibernate.SQL                        :
    select
        p1_0.id,
        p1_0.author_name,
        p1_0.content,
        p1_0.ip_address,
        p1_0.is_notice,
        p1_0.like_count,
        p1_0.title
    from
        posts p1_0
    where
        p1_0.is_notice=true
    order by
        p1_0.id desc
2026-01-29T16:07:06.590Z DEBUG 60976 --- [jpcard] [nio-8080-exec-2] org.hibernate.SQL                        :
    select
        p1_0.id,
        p1_0.author_name,
        p1_0.content,
        p1_0.ip_address,
        p1_0.is_notice,
        p1_0.like_count,
        p1_0.title
    from
        posts p1_0
    where
        p1_0.is_notice=true
    order by
        p1_0.id desc
2026-01-29T16:07:07.501Z DEBUG 60976 --- [jpcard] [nio-8080-exec-3] org.hibernate.SQL                        :
    select
        u1_0.id,
        u1_0.daily_limit,
        u1_0.password,
        u1_0.refresh_token,
        u1_0.status,
        u1_0.timezone,
        u1_0.username
    from
        users u1_0
    where
        u1_0.username=?
2026-01-29T16:07:07.649Z DEBUG 60976 --- [jpcard] [nio-8080-exec-3] org.hibernate.SQL                        :
    insert
    into
        users
        (daily_limit, password, refresh_token, status, timezone, username, id)
    values
        (?, ?, ?, ?, ?, ?, default)
2026-01-29T16:07:07.651Z DEBUG 60976 --- [jpcard] [nio-8080-exec-3] org.hibernate.SQL                        :
    insert
    into
        user_roles
        (user_id, role)
    values
        (?, ?)
2026-01-29T16:07:09.626Z DEBUG 60976 --- [jpcard] [nio-8080-exec-4] org.hibernate.SQL                        :
    select
        u1_0.id,
        u1_0.daily_limit,
        u1_0.password,
        u1_0.refresh_token,
        u1_0.status,
        u1_0.timezone,
        u1_0.username
    from
        users u1_0
    where
        u1_0.username=?
2026-01-29T16:07:09.628Z DEBUG 60976 --- [jpcard] [nio-8080-exec-4] org.hibernate.SQL                        :
    select
        r1_0.user_id,
        r1_0.role
    from
        user_roles r1_0
    where
        r1_0.user_id=?
2026-01-29T16:07:09.773Z DEBUG 60976 --- [jpcard] [nio-8080-exec-4] org.hibernate.SQL                        :
    update
        users
    set
        daily_limit=?,
        password=?,
        refresh_token=?,
        status=?,
        timezone=?,
        username=?
    where
        id=?
2026-01-29T16:07:12.130Z DEBUG 60976 --- [jpcard] [nio-8080-exec-5] org.hibernate.SQL                        :
    select
        u1_0.id,
        u1_0.daily_limit,
        u1_0.password,
        u1_0.refresh_token,
        r1_0.user_id,
        r1_0.role,
        u1_0.status,
        u1_0.timezone,
        u1_0.username
    from
        users u1_0
    left join
        user_roles r1_0
            on u1_0.id=r1_0.user_id
    where
        u1_0.id=?
2026-01-29T16:07:12.138Z DEBUG 60976 --- [jpcard] [nio-8080-exec-5] org.hibernate.SQL                        :
    select
        u1_0.id,
        u1_0.daily_limit,
        u1_0.password,
        u1_0.refresh_token,
        r1_0.user_id,
        r1_0.role,
        u1_0.status,
        u1_0.timezone,
        u1_0.username
    from
        users u1_0
    left join
        user_roles r1_0
            on u1_0.id=r1_0.user_id
    where
        u1_0.id=?
2026-01-29T16:07:12.145Z DEBUG 60976 --- [jpcard] [nio-8080-exec-5] org.hibernate.SQL                        :
    select
        p1_0.id,
        p1_0.author_name,
        p1_0.content,
        p1_0.ip_address,
        p1_0.is_notice,
        p1_0.like_count,
        p1_0.title
    from
        posts p1_0
    where
        p1_0.is_notice=true
    order by
        p1_0.id desc
2026-01-29T16:07:12.444Z DEBUG 60976 --- [jpcard] [nio-8080-exec-6] org.hibernate.SQL                        :
    select
        u1_0.id,
        u1_0.daily_limit,
        u1_0.password,
        u1_0.refresh_token,
        r1_0.user_id,
        r1_0.role,
        u1_0.status,
        u1_0.timezone,
        u1_0.username
    from
        users u1_0
    left join
        user_roles r1_0
            on u1_0.id=r1_0.user_id
    where
        u1_0.id=?
2026-01-29T16:07:12.491Z DEBUG 60976 --- [jpcard] [nio-8080-exec-6] org.hibernate.SQL                        :
    select
        u1_0.id,
        u1_0.daily_limit,
        u1_0.password,
        u1_0.refresh_token,
        r1_0.user_id,
        r1_0.role,
        u1_0.status,
        u1_0.timezone,
        u1_0.username
    from
        users u1_0
    left join
        user_roles r1_0
            on u1_0.id=r1_0.user_id
    where
        u1_0.id=?
2026-01-29T16:07:12.542Z DEBUG 60976 --- [jpcard] [nio-8080-exec-6] org.hibernate.SQL                        :
    select
        p1_0.id,
        p1_0.author_name,
        p1_0.content,
        p1_0.ip_address,
        p1_0.is_notice,
        p1_0.like_count,
        p1_0.title
    from
        posts p1_0
    where
        p1_0.is_notice=true
    order by
        p1_0.id desc
2026-01-29T16:08:29.943Z DEBUG 60976 --- [jpcard] [nio-8080-exec-8] org.hibernate.SQL                        :
    select
        p1_0.id,
        p1_0.author_name,
        p1_0.content,
        p1_0.ip_address,
        p1_0.is_notice,
        p1_0.like_count,
        p1_0.title
    from
        posts p1_0
    where
        p1_0.is_notice=true
    order by
        p1_0.id desc
2026-01-29T16:08:29.963Z DEBUG 60976 --- [jpcard] [nio-8080-exec-7] org.hibernate.SQL                        :
    select
        p1_0.id,
        p1_0.author_name,
        p1_0.content,
        p1_0.ip_address,
        p1_0.is_notice,
        p1_0.like_count,
        p1_0.title
    from
        posts p1_0
    where
        p1_0.is_notice=true
    order by
        p1_0.id desc
2026-01-29T16:08:30.782Z DEBUG 60976 --- [jpcard] [nio-8080-exec-9] org.hibernate.SQL                        :
    select
        u1_0.id,
        u1_0.daily_limit,
        u1_0.password,
        u1_0.refresh_token,
        u1_0.status,
        u1_0.timezone,
        u1_0.username
    from
        users u1_0
    where
        u1_0.username=?
2026-01-29T16:08:30.959Z DEBUG 60976 --- [jpcard] [nio-8080-exec-9] org.hibernate.SQL                        :
    insert
    into
        users
        (daily_limit, password, refresh_token, status, timezone, username, id)
    values
        (?, ?, ?, ?, ?, ?, default)
2026-01-29T16:08:30.962Z DEBUG 60976 --- [jpcard] [nio-8080-exec-9] org.hibernate.SQL                        :
    insert
    into
        user_roles
        (user_id, role)
    values
        (?, ?)
2026-01-29T16:08:32.829Z DEBUG 60976 --- [jpcard] [io-8080-exec-10] org.hibernate.SQL                        :
    select
        u1_0.id,
        u1_0.daily_limit,
        u1_0.password,
        u1_0.refresh_token,
        u1_0.status,
        u1_0.timezone,
        u1_0.username
    from
        users u1_0
    where
        u1_0.username=?
2026-01-29T16:08:32.834Z DEBUG 60976 --- [jpcard] [io-8080-exec-10] org.hibernate.SQL                        :
    select
        r1_0.user_id,
        r1_0.role
    from
        user_roles r1_0
    where
        r1_0.user_id=?
2026-01-29T16:08:32.990Z DEBUG 60976 --- [jpcard] [io-8080-exec-10] org.hibernate.SQL                        :
    update
        users
    set
        daily_limit=?,
        password=?,
        refresh_token=?,
        status=?,
        timezone=?,
        username=?
    where
        id=?
2026-01-29T16:08:34.561Z DEBUG 60976 --- [jpcard] [nio-8080-exec-1] org.hibernate.SQL                        :
    select
        u1_0.id,
        u1_0.daily_limit,
        u1_0.password,
        u1_0.refresh_token,
        r1_0.user_id,
        r1_0.role,
        u1_0.status,
        u1_0.timezone,
        u1_0.username
    from
        users u1_0
    left join
        user_roles r1_0
            on u1_0.id=r1_0.user_id
    where
        u1_0.id=?
2026-01-29T16:08:34.569Z DEBUG 60976 --- [jpcard] [nio-8080-exec-1] org.hibernate.SQL                        :
    select
        u1_0.id,
        u1_0.daily_limit,
        u1_0.password,
        u1_0.refresh_token,
        r1_0.user_id,
        r1_0.role,
        u1_0.status,
        u1_0.timezone,
        u1_0.username
    from
        users u1_0
    left join
        user_roles r1_0
            on u1_0.id=r1_0.user_id
    where
        u1_0.id=?
2026-01-29T16:08:34.574Z DEBUG 60976 --- [jpcard] [nio-8080-exec-1] org.hibernate.SQL                        :
    select
        p1_0.id,
        p1_0.author_name,
        p1_0.content,
        p1_0.ip_address,
        p1_0.is_notice,
        p1_0.like_count,
        p1_0.title
    from
        posts p1_0
    where
        p1_0.is_notice=true
    order by
        p1_0.id desc
2026-01-29T16:08:34.588Z DEBUG 60976 --- [jpcard] [nio-8080-exec-2] org.hibernate.SQL                        :
    select
        u1_0.id,
        u1_0.daily_limit,
        u1_0.password,
        u1_0.refresh_token,
        r1_0.user_id,
        r1_0.role,
        u1_0.status,
        u1_0.timezone,
        u1_0.username
    from
        users u1_0
    left join
        user_roles r1_0
            on u1_0.id=r1_0.user_id
    where
        u1_0.id=?
2026-01-29T16:08:34.600Z DEBUG 60976 --- [jpcard] [nio-8080-exec-2] org.hibernate.SQL                        :
    select
        u1_0.id,
        u1_0.daily_limit,
        u1_0.password,
        u1_0.refresh_token,
        r1_0.user_id,
        r1_0.role,
        u1_0.status,
        u1_0.timezone,
        u1_0.username
    from
        users u1_0
    left join
        user_roles r1_0
            on u1_0.id=r1_0.user_id
    where
        u1_0.id=?
2026-01-29T16:08:34.605Z DEBUG 60976 --- [jpcard] [nio-8080-exec-2] org.hibernate.SQL                        :
    select
        p1_0.id,
        p1_0.author_name,
        p1_0.content,
        p1_0.ip_address,
        p1_0.is_notice,
        p1_0.like_count,
        p1_0.title
    from
        posts p1_0
    where
        p1_0.is_notice=true
    order by
        p1_0.id desc
2026-01-29T16:09:54.449Z DEBUG 60976 --- [jpcard] [nio-8080-exec-3] org.hibernate.SQL                        :
    select
        p1_0.id,
        p1_0.author_name,
        p1_0.content,
        p1_0.ip_address,
        p1_0.is_notice,
        p1_0.like_count,
        p1_0.title
    from
        posts p1_0
    where
        p1_0.is_notice=true
    order by
        p1_0.id desc
2026-01-29T16:09:54.461Z DEBUG 60976 --- [jpcard] [nio-8080-exec-4] org.hibernate.SQL                        :
    select
        p1_0.id,
        p1_0.author_name,
        p1_0.content,
        p1_0.ip_address,
        p1_0.is_notice,
        p1_0.like_count,
        p1_0.title
    from
        posts p1_0
    where
        p1_0.is_notice=true
    order by
        p1_0.id desc
2026-01-29T16:09:55.328Z DEBUG 60976 --- [jpcard] [nio-8080-exec-5] org.hibernate.SQL                        :
    select
        u1_0.id,
        u1_0.daily_limit,
        u1_0.password,
        u1_0.refresh_token,
        u1_0.status,
        u1_0.timezone,
        u1_0.username
    from
        users u1_0
    where
        u1_0.username=?
2026-01-29T16:09:55.457Z DEBUG 60976 --- [jpcard] [nio-8080-exec-5] org.hibernate.SQL                        :
    insert
    into
        users
        (daily_limit, password, refresh_token, status, timezone, username, id)
    values
        (?, ?, ?, ?, ?, ?, default)
2026-01-29T16:09:55.460Z DEBUG 60976 --- [jpcard] [nio-8080-exec-5] org.hibernate.SQL                        :
    insert
    into
        user_roles
        (user_id, role)
    values
        (?, ?)
2026-01-29T16:09:57.331Z DEBUG 60976 --- [jpcard] [nio-8080-exec-6] org.hibernate.SQL                        :
    select
        u1_0.id,
        u1_0.daily_limit,
        u1_0.password,
        u1_0.refresh_token,
        u1_0.status,
        u1_0.timezone,
        u1_0.username
    from
        users u1_0
    where
        u1_0.username=?
2026-01-29T16:09:57.334Z DEBUG 60976 --- [jpcard] [nio-8080-exec-6] org.hibernate.SQL                        :
    select
        r1_0.user_id,
        r1_0.role
    from
        user_roles r1_0
    where
        r1_0.user_id=?
2026-01-29T16:09:57.537Z DEBUG 60976 --- [jpcard] [nio-8080-exec-6] org.hibernate.SQL                        :
    update
        users
    set
        daily_limit=?,
        password=?,
        refresh_token=?,
        status=?,
        timezone=?,
        username=?
    where
        id=?
2026-01-29T16:09:59.209Z DEBUG 60976 --- [jpcard] [nio-8080-exec-8] org.hibernate.SQL                        :
    select
        u1_0.id,
        u1_0.daily_limit,
        u1_0.password,
        u1_0.refresh_token,
        r1_0.user_id,
        r1_0.role,
        u1_0.status,
        u1_0.timezone,
        u1_0.username
    from
        users u1_0
    left join
        user_roles r1_0
            on u1_0.id=r1_0.user_id
    where
        u1_0.id=?
2026-01-29T16:09:59.218Z DEBUG 60976 --- [jpcard] [nio-8080-exec-8] org.hibernate.SQL                        :
    select
        u1_0.id,
        u1_0.daily_limit,
        u1_0.password,
        u1_0.refresh_token,
        r1_0.user_id,
        r1_0.role,
        u1_0.status,
        u1_0.timezone,
        u1_0.username
    from
        users u1_0
    left join
        user_roles r1_0
            on u1_0.id=r1_0.user_id
    where
        u1_0.id=?
2026-01-29T16:09:59.251Z DEBUG 60976 --- [jpcard] [nio-8080-exec-8] org.hibernate.SQL                        :
    select
        count(*)
    from
        cards c1_0
2026-01-29T16:09:59.286Z DEBUG 60976 --- [jpcard] [nio-8080-exec-8] org.hibernate.SQL                        :
    select
        count(ucp1_0.id)
    from
        user_card_progress ucp1_0
    where
        ucp1_0.user_id=?
        and ucp1_0.status=?
2026-01-29T16:09:59.302Z DEBUG 60976 --- [jpcard] [nio-8080-exec-8] org.hibernate.SQL                        :
    select
        count(*)
    from
        decks d1_0
2026-01-29T16:09:59.306Z DEBUG 60976 --- [jpcard] [nio-8080-exec-8] org.hibernate.SQL                        :
    select
        count(*)
    from
        posts p1_0
2026-01-29T16:09:59.406Z DEBUG 60976 --- [jpcard] [nio-8080-exec-8] org.hibernate.SQL                        :
    select
        p1_0.id,
        p1_0.author_name,
        p1_0.content,
        p1_0.ip_address,
        p1_0.is_notice,
        p1_0.like_count,
        p1_0.title
    from
        posts p1_0
2026-01-29T16:09:59.423Z DEBUG 60976 --- [jpcard] [nio-8080-exec-8] org.hibernate.SQL                        :
    select
        count(ucp1_0.id)
    from
        user_card_progress ucp1_0
    where
        ucp1_0.user_id=?
        and ucp1_0.next_review<=?
2026-01-29T16:09:59.451Z DEBUG 60976 --- [jpcard] [nio-8080-exec-7] org.hibernate.SQL                        :
    select
        u1_0.id,
        u1_0.daily_limit,
        u1_0.password,
        u1_0.refresh_token,
        r1_0.user_id,
        r1_0.role,
        u1_0.status,
        u1_0.timezone,
        u1_0.username
    from
        users u1_0
    left join
        user_roles r1_0
            on u1_0.id=r1_0.user_id
    where
        u1_0.id=?
2026-01-29T16:09:59.457Z DEBUG 60976 --- [jpcard] [nio-8080-exec-7] org.hibernate.SQL                        :
    select
        u1_0.id,
        u1_0.daily_limit,
        u1_0.password,
        u1_0.refresh_token,
        r1_0.user_id,
        r1_0.role,
        u1_0.status,
        u1_0.timezone,
        u1_0.username
    from
        users u1_0
    left join
        user_roles r1_0
            on u1_0.id=r1_0.user_id
    where
        u1_0.id=?
2026-01-29T16:09:59.472Z DEBUG 60976 --- [jpcard] [nio-8080-exec-7] org.hibernate.SQL                        :
    select
        count(*)
    from
        cards c1_0
2026-01-29T16:09:59.475Z DEBUG 60976 --- [jpcard] [nio-8080-exec-7] org.hibernate.SQL                        :
    select
        count(ucp1_0.id)
    from
        user_card_progress ucp1_0
    where
        ucp1_0.user_id=?
        and ucp1_0.status=?
2026-01-29T16:09:59.477Z DEBUG 60976 --- [jpcard] [nio-8080-exec-7] org.hibernate.SQL                        :
    select
        count(*)
    from
        decks d1_0
2026-01-29T16:09:59.478Z DEBUG 60976 --- [jpcard] [nio-8080-exec-9] org.hibernate.SQL                        :
    select
        u1_0.id,
        u1_0.daily_limit,
        u1_0.password,
        u1_0.refresh_token,
        r1_0.user_id,
        r1_0.role,
        u1_0.status,
        u1_0.timezone,
        u1_0.username
    from
        users u1_0
    left join
        user_roles r1_0
            on u1_0.id=r1_0.user_id
    where
        u1_0.id=?
2026-01-29T16:09:59.480Z DEBUG 60976 --- [jpcard] [nio-8080-exec-7] org.hibernate.SQL                        :
    select
        count(*)
    from
        posts p1_0
2026-01-29T16:09:59.485Z DEBUG 60976 --- [jpcard] [nio-8080-exec-7] org.hibernate.SQL                        :
    select
        p1_0.id,
        p1_0.author_name,
        p1_0.content,
        p1_0.ip_address,
        p1_0.is_notice,
        p1_0.like_count,
        p1_0.title
    from
        posts p1_0
2026-01-29T16:09:59.487Z DEBUG 60976 --- [jpcard] [nio-8080-exec-7] org.hibernate.SQL                        :
    select
        count(ucp1_0.id)
    from
        user_card_progress ucp1_0
    where
        ucp1_0.user_id=?
        and ucp1_0.next_review<=?
2026-01-29T16:09:59.493Z DEBUG 60976 --- [jpcard] [nio-8080-exec-9] org.hibernate.SQL                        :
    select
        u1_0.id,
        u1_0.daily_limit,
        u1_0.password,
        u1_0.refresh_token,
        r1_0.user_id,
        r1_0.role,
        u1_0.status,
        u1_0.timezone,
        u1_0.username
    from
        users u1_0
    left join
        user_roles r1_0
            on u1_0.id=r1_0.user_id
    where
        u1_0.id=?
2026-01-29T16:09:59.552Z DEBUG 60976 --- [jpcard] [nio-8080-exec-9] org.hibernate.SQL                        :
    select
        cast(sl1_0.studied_at as date),
        count(sl1_0.id)
    from
        study_logs sl1_0
    where
        sl1_0.user_id=?
    group by
        cast(sl1_0.studied_at as date)
2026-01-29T16:09:59.584Z DEBUG 60976 --- [jpcard] [io-8080-exec-10] org.hibernate.SQL                        :
    select
        u1_0.id,
        u1_0.daily_limit,
        u1_0.password,
        u1_0.refresh_token,
        r1_0.user_id,
        r1_0.role,
        u1_0.status,
        u1_0.timezone,
        u1_0.username
    from
        users u1_0
    left join
        user_roles r1_0
            on u1_0.id=r1_0.user_id
    where
        u1_0.id=?
2026-01-29T16:09:59.592Z DEBUG 60976 --- [jpcard] [io-8080-exec-10] org.hibernate.SQL                        :
    select
        u1_0.id,
        u1_0.daily_limit,
        u1_0.password,
        u1_0.refresh_token,
        r1_0.user_id,
        r1_0.role,
        u1_0.status,
        u1_0.timezone,
        u1_0.username
    from
        users u1_0
    left join
        user_roles r1_0
            on u1_0.id=r1_0.user_id
    where
        u1_0.id=?
2026-01-29T16:09:59.596Z DEBUG 60976 --- [jpcard] [io-8080-exec-10] org.hibernate.SQL                        :
    select
        cast(sl1_0.studied_at as date),
        count(sl1_0.id)
    from
        study_logs sl1_0
    where
        sl1_0.user_id=?
    group by
        cast(sl1_0.studied_at as date)
2026-01-29T16:11:02.893Z DEBUG 60976 --- [jpcard] [nio-8080-exec-1] org.hibernate.SQL                        :
    select
        p1_0.id,
        p1_0.author_name,
        p1_0.content,
        p1_0.ip_address,
        p1_0.is_notice,
        p1_0.like_count,
        p1_0.title
    from
        posts p1_0
    where
        p1_0.is_notice=true
    order by
        p1_0.id desc
2026-01-29T16:11:02.926Z DEBUG 60976 --- [jpcard] [nio-8080-exec-2] org.hibernate.SQL                        :
    select
        p1_0.id,
        p1_0.author_name,
        p1_0.content,
        p1_0.ip_address,
        p1_0.is_notice,
        p1_0.like_count,
        p1_0.title
    from
        posts p1_0
    where
        p1_0.is_notice=true
    order by
        p1_0.id desc
2026-01-29T16:11:03.754Z DEBUG 60976 --- [jpcard] [nio-8080-exec-3] org.hibernate.SQL                        :
    select
        u1_0.id,
        u1_0.daily_limit,
        u1_0.password,
        u1_0.refresh_token,
        u1_0.status,
        u1_0.timezone,
        u1_0.username
    from
        users u1_0
    where
        u1_0.username=?
2026-01-29T16:11:03.894Z DEBUG 60976 --- [jpcard] [nio-8080-exec-3] org.hibernate.SQL                        :
    insert
    into
        users
        (daily_limit, password, refresh_token, status, timezone, username, id)
    values
        (?, ?, ?, ?, ?, ?, default)
2026-01-29T16:11:03.897Z DEBUG 60976 --- [jpcard] [nio-8080-exec-3] org.hibernate.SQL                        :
    insert
    into
        user_roles
        (user_id, role)
    values
        (?, ?)
2026-01-29T16:11:05.866Z DEBUG 60976 --- [jpcard] [nio-8080-exec-4] org.hibernate.SQL                        :
    select
        u1_0.id,
        u1_0.daily_limit,
        u1_0.password,
        u1_0.refresh_token,
        u1_0.status,
        u1_0.timezone,
        u1_0.username
    from
        users u1_0
    where
        u1_0.username=?
2026-01-29T16:11:05.870Z DEBUG 60976 --- [jpcard] [nio-8080-exec-4] org.hibernate.SQL                        :
    select
        r1_0.user_id,
        r1_0.role
    from
        user_roles r1_0
    where
        r1_0.user_id=?
2026-01-29T16:11:06.005Z DEBUG 60976 --- [jpcard] [nio-8080-exec-4] org.hibernate.SQL                        :
    update
        users
    set
        daily_limit=?,
        password=?,
        refresh_token=?,
        status=?,
        timezone=?,
        username=?
    where
        id=?
2026-01-29T16:11:07.646Z DEBUG 60976 --- [jpcard] [nio-8080-exec-5] org.hibernate.SQL                        :
    select
        u1_0.id,
        u1_0.daily_limit,
        u1_0.password,
        u1_0.refresh_token,
        r1_0.user_id,
        r1_0.role,
        u1_0.status,
        u1_0.timezone,
        u1_0.username
    from
        users u1_0
    left join
        user_roles r1_0
            on u1_0.id=r1_0.user_id
    where
        u1_0.id=?
2026-01-29T16:11:07.652Z DEBUG 60976 --- [jpcard] [nio-8080-exec-5] org.hibernate.SQL                        :
    select
        u1_0.id,
        u1_0.daily_limit,
        u1_0.password,
        u1_0.refresh_token,
        r1_0.user_id,
        r1_0.role,
        u1_0.status,
        u1_0.timezone,
        u1_0.username
    from
        users u1_0
    left join
        user_roles r1_0
            on u1_0.id=r1_0.user_id
    where
        u1_0.id=?
2026-01-29T16:11:07.657Z DEBUG 60976 --- [jpcard] [nio-8080-exec-5] org.hibernate.SQL                        :
    select
        count(*)
    from
        cards c1_0
2026-01-29T16:11:07.659Z DEBUG 60976 --- [jpcard] [nio-8080-exec-5] org.hibernate.SQL                        :
    select
        count(ucp1_0.id)
    from
        user_card_progress ucp1_0
    where
        ucp1_0.user_id=?
        and ucp1_0.status=?
2026-01-29T16:11:07.661Z DEBUG 60976 --- [jpcard] [nio-8080-exec-5] org.hibernate.SQL                        :
    select
        count(*)
    from
        decks d1_0
2026-01-29T16:11:07.663Z DEBUG 60976 --- [jpcard] [nio-8080-exec-5] org.hibernate.SQL                        :
    select
        count(*)
    from
        posts p1_0
2026-01-29T16:11:07.667Z DEBUG 60976 --- [jpcard] [nio-8080-exec-5] org.hibernate.SQL                        :
    select
        p1_0.id,
        p1_0.author_name,
        p1_0.content,
        p1_0.ip_address,
        p1_0.is_notice,
        p1_0.like_count,
        p1_0.title
    from
        posts p1_0
2026-01-29T16:11:07.670Z DEBUG 60976 --- [jpcard] [nio-8080-exec-5] org.hibernate.SQL                        :
    select
        count(ucp1_0.id)
    from
        user_card_progress ucp1_0
    where
        ucp1_0.user_id=?
        and ucp1_0.next_review<=?
2026-01-29T16:11:07.693Z DEBUG 60976 --- [jpcard] [nio-8080-exec-6] org.hibernate.SQL                        :
    select
        u1_0.id,
        u1_0.daily_limit,
        u1_0.password,
        u1_0.refresh_token,
        r1_0.user_id,
        r1_0.role,
        u1_0.status,
        u1_0.timezone,
        u1_0.username
    from
        users u1_0
    left join
        user_roles r1_0
            on u1_0.id=r1_0.user_id
    where
        u1_0.id=?
2026-01-29T16:11:07.698Z DEBUG 60976 --- [jpcard] [nio-8080-exec-6] org.hibernate.SQL                        :
    select
        u1_0.id,
        u1_0.daily_limit,
        u1_0.password,
        u1_0.refresh_token,
        r1_0.user_id,
        r1_0.role,
        u1_0.status,
        u1_0.timezone,
        u1_0.username
    from
        users u1_0
    left join
        user_roles r1_0
            on u1_0.id=r1_0.user_id
    where
        u1_0.id=?
2026-01-29T16:11:07.701Z DEBUG 60976 --- [jpcard] [nio-8080-exec-6] org.hibernate.SQL                        :
    select
        count(*)
    from
        cards c1_0
2026-01-29T16:11:07.703Z DEBUG 60976 --- [jpcard] [nio-8080-exec-6] org.hibernate.SQL                        :
    select
        count(ucp1_0.id)
    from
        user_card_progress ucp1_0
    where
        ucp1_0.user_id=?
        and ucp1_0.status=?
2026-01-29T16:11:07.705Z DEBUG 60976 --- [jpcard] [nio-8080-exec-6] org.hibernate.SQL                        :
    select
        count(*)
    from
        decks d1_0
2026-01-29T16:11:07.707Z DEBUG 60976 --- [jpcard] [nio-8080-exec-6] org.hibernate.SQL                        :
    select
        count(*)
    from
        posts p1_0
2026-01-29T16:11:07.711Z DEBUG 60976 --- [jpcard] [nio-8080-exec-6] org.hibernate.SQL                        :
    select
        p1_0.id,
        p1_0.author_name,
        p1_0.content,
        p1_0.ip_address,
        p1_0.is_notice,
        p1_0.like_count,
        p1_0.title
    from
        posts p1_0
2026-01-29T16:11:07.713Z DEBUG 60976 --- [jpcard] [nio-8080-exec-6] org.hibernate.SQL                        :
    select
        count(ucp1_0.id)
    from
        user_card_progress ucp1_0
    where
        ucp1_0.user_id=?
        and ucp1_0.next_review<=?
2026-01-29T16:11:07.740Z DEBUG 60976 --- [jpcard] [nio-8080-exec-8] org.hibernate.SQL                        :
    select
        u1_0.id,
        u1_0.daily_limit,
        u1_0.password,
        u1_0.refresh_token,
        r1_0.user_id,
        r1_0.role,
        u1_0.status,
        u1_0.timezone,
        u1_0.username
    from
        users u1_0
    left join
        user_roles r1_0
            on u1_0.id=r1_0.user_id
    where
        u1_0.id=?
2026-01-29T16:11:07.747Z DEBUG 60976 --- [jpcard] [nio-8080-exec-8] org.hibernate.SQL                        :
    select
        u1_0.id,
        u1_0.daily_limit,
        u1_0.password,
        u1_0.refresh_token,
        r1_0.user_id,
        r1_0.role,
        u1_0.status,
        u1_0.timezone,
        u1_0.username
    from
        users u1_0
    left join
        user_roles r1_0
            on u1_0.id=r1_0.user_id
    where
        u1_0.id=?
2026-01-29T16:11:07.751Z DEBUG 60976 --- [jpcard] [nio-8080-exec-8] org.hibernate.SQL                        :
    select
        cast(sl1_0.studied_at as date),
        count(sl1_0.id)
    from
        study_logs sl1_0
    where
        sl1_0.user_id=?
    group by
        cast(sl1_0.studied_at as date)
2026-01-29T16:11:07.765Z DEBUG 60976 --- [jpcard] [nio-8080-exec-7] org.hibernate.SQL                        :
    select
        u1_0.id,
        u1_0.daily_limit,
        u1_0.password,
        u1_0.refresh_token,
        r1_0.user_id,
        r1_0.role,
        u1_0.status,
        u1_0.timezone,
        u1_0.username
    from
        users u1_0
    left join
        user_roles r1_0
            on u1_0.id=r1_0.user_id
    where
        u1_0.id=?
2026-01-29T16:11:07.774Z DEBUG 60976 --- [jpcard] [nio-8080-exec-7] org.hibernate.SQL                        :
    select
        u1_0.id,
        u1_0.daily_limit,
        u1_0.password,
        u1_0.refresh_token,
        r1_0.user_id,
        r1_0.role,
        u1_0.status,
        u1_0.timezone,
        u1_0.username
    from
        users u1_0
    left join
        user_roles r1_0
            on u1_0.id=r1_0.user_id
    where
        u1_0.id=?
2026-01-29T16:11:07.778Z DEBUG 60976 --- [jpcard] [nio-8080-exec-7] org.hibernate.SQL                        :
    select
        cast(sl1_0.studied_at as date),
        count(sl1_0.id)
    from
        study_logs sl1_0
    where
        sl1_0.user_id=?
    group by
        cast(sl1_0.studied_at as date)
2026-01-29T16:11:07.917Z DEBUG 60976 --- [jpcard] [nio-8080-exec-9] org.hibernate.SQL                        :
    select
        u1_0.id,
        u1_0.daily_limit,
        u1_0.password,
        u1_0.refresh_token,
        r1_0.user_id,
        r1_0.role,
        u1_0.status,
        u1_0.timezone,
        u1_0.username
    from
        users u1_0
    left join
        user_roles r1_0
            on u1_0.id=r1_0.user_id
    where
        u1_0.id=?
2026-01-29T16:11:07.923Z DEBUG 60976 --- [jpcard] [nio-8080-exec-9] org.hibernate.SQL                        :
    select
        u1_0.id,
        u1_0.daily_limit,
        u1_0.password,
        u1_0.refresh_token,
        r1_0.user_id,
        r1_0.role,
        u1_0.status,
        u1_0.timezone,
        u1_0.username
    from
        users u1_0
    left join
        user_roles r1_0
            on u1_0.id=r1_0.user_id
    where
        u1_0.id=?
2026-01-29T16:11:07.939Z DEBUG 60976 --- [jpcard] [nio-8080-exec-9] org.hibernate.SQL                        :
    select
        d1_0.id,
        d1_0.card_template_id,
        d1_0.description,
        d1_0.is_public,
        d1_0.name,
        d1_0.user_id
    from
        decks d1_0
    where
        d1_0.user_id=?
2026-01-29T16:12:11.037Z DEBUG 60976 --- [jpcard] [io-8080-exec-10] org.hibernate.SQL                        :
    select
        p1_0.id,
        p1_0.author_name,
        p1_0.content,
        p1_0.ip_address,
        p1_0.is_notice,
        p1_0.like_count,
        p1_0.title
    from
        posts p1_0
    where
        p1_0.is_notice=true
    order by
        p1_0.id desc
2026-01-29T16:12:11.058Z DEBUG 60976 --- [jpcard] [nio-8080-exec-1] org.hibernate.SQL                        :
    select
        p1_0.id,
        p1_0.author_name,
        p1_0.content,
        p1_0.ip_address,
        p1_0.is_notice,
        p1_0.like_count,
        p1_0.title
    from
        posts p1_0
    where
        p1_0.is_notice=true
    order by
        p1_0.id desc
2026-01-29T16:12:11.837Z DEBUG 60976 --- [jpcard] [nio-8080-exec-2] org.hibernate.SQL                        :
    select
        u1_0.id,
        u1_0.daily_limit,
        u1_0.password,
        u1_0.refresh_token,
        u1_0.status,
        u1_0.timezone,
        u1_0.username
    from
        users u1_0
    where
        u1_0.username=?
2026-01-29T16:12:11.967Z DEBUG 60976 --- [jpcard] [nio-8080-exec-2] org.hibernate.SQL                        :
    insert
    into
        users
        (daily_limit, password, refresh_token, status, timezone, username, id)
    values
        (?, ?, ?, ?, ?, ?, default)
2026-01-29T16:12:11.971Z DEBUG 60976 --- [jpcard] [nio-8080-exec-2] org.hibernate.SQL                        :
    insert
    into
        user_roles
        (user_id, role)
    values
        (?, ?)
2026-01-29T16:12:13.833Z DEBUG 60976 --- [jpcard] [nio-8080-exec-3] org.hibernate.SQL                        :
    select
        u1_0.id,
        u1_0.daily_limit,
        u1_0.password,
        u1_0.refresh_token,
        u1_0.status,
        u1_0.timezone,
        u1_0.username
    from
        users u1_0
    where
        u1_0.username=?
2026-01-29T16:12:13.835Z DEBUG 60976 --- [jpcard] [nio-8080-exec-3] org.hibernate.SQL                        :
    select
        r1_0.user_id,
        r1_0.role
    from
        user_roles r1_0
    where
        r1_0.user_id=?
2026-01-29T16:12:13.961Z DEBUG 60976 --- [jpcard] [nio-8080-exec-3] org.hibernate.SQL                        :
    update
        users
    set
        daily_limit=?,
        password=?,
        refresh_token=?,
        status=?,
        timezone=?,
        username=?
    where
        id=?
2026-01-29T16:12:15.624Z DEBUG 60976 --- [jpcard] [nio-8080-exec-4] org.hibernate.SQL                        :
    select
        u1_0.id,
        u1_0.daily_limit,
        u1_0.password,
        u1_0.refresh_token,
        r1_0.user_id,
        r1_0.role,
        u1_0.status,
        u1_0.timezone,
        u1_0.username
    from
        users u1_0
    left join
        user_roles r1_0
            on u1_0.id=r1_0.user_id
    where
        u1_0.id=?
2026-01-29T16:12:15.635Z DEBUG 60976 --- [jpcard] [nio-8080-exec-4] org.hibernate.SQL                        :
    select
        u1_0.id,
        u1_0.daily_limit,
        u1_0.password,
        u1_0.refresh_token,
        r1_0.user_id,
        r1_0.role,
        u1_0.status,
        u1_0.timezone,
        u1_0.username
    from
        users u1_0
    left join
        user_roles r1_0
            on u1_0.id=r1_0.user_id
    where
        u1_0.id=?
2026-01-29T16:12:15.639Z DEBUG 60976 --- [jpcard] [nio-8080-exec-4] org.hibernate.SQL                        :
    select
        count(*)
    from
        cards c1_0
2026-01-29T16:12:15.643Z DEBUG 60976 --- [jpcard] [nio-8080-exec-4] org.hibernate.SQL                        :
    select
        count(ucp1_0.id)
    from
        user_card_progress ucp1_0
    where
        ucp1_0.user_id=?
        and ucp1_0.status=?
2026-01-29T16:12:15.646Z DEBUG 60976 --- [jpcard] [nio-8080-exec-4] org.hibernate.SQL                        :
    select
        count(*)
    from
        decks d1_0
2026-01-29T16:12:15.648Z DEBUG 60976 --- [jpcard] [nio-8080-exec-4] org.hibernate.SQL                        :
    select
        count(*)
    from
        posts p1_0
2026-01-29T16:12:15.654Z DEBUG 60976 --- [jpcard] [nio-8080-exec-4] org.hibernate.SQL                        :
    select
        p1_0.id,
        p1_0.author_name,
        p1_0.content,
        p1_0.ip_address,
        p1_0.is_notice,
        p1_0.like_count,
        p1_0.title
    from
        posts p1_0
2026-01-29T16:12:15.658Z DEBUG 60976 --- [jpcard] [nio-8080-exec-4] org.hibernate.SQL                        :
    select
        count(ucp1_0.id)
    from
        user_card_progress ucp1_0
    where
        ucp1_0.user_id=?
        and ucp1_0.next_review<=?
2026-01-29T16:12:15.670Z DEBUG 60976 --- [jpcard] [nio-8080-exec-5] org.hibernate.SQL                        :
    select
        u1_0.id,
        u1_0.daily_limit,
        u1_0.password,
        u1_0.refresh_token,
        r1_0.user_id,
        r1_0.role,
        u1_0.status,
        u1_0.timezone,
        u1_0.username
    from
        users u1_0
    left join
        user_roles r1_0
            on u1_0.id=r1_0.user_id
    where
        u1_0.id=?
2026-01-29T16:12:15.675Z DEBUG 60976 --- [jpcard] [nio-8080-exec-5] org.hibernate.SQL                        :
    select
        u1_0.id,
        u1_0.daily_limit,
        u1_0.password,
        u1_0.refresh_token,
        r1_0.user_id,
        r1_0.role,
        u1_0.status,
        u1_0.timezone,
        u1_0.username
    from
        users u1_0
    left join
        user_roles r1_0
            on u1_0.id=r1_0.user_id
    where
        u1_0.id=?
2026-01-29T16:12:15.683Z DEBUG 60976 --- [jpcard] [nio-8080-exec-5] org.hibernate.SQL                        :
    select
        count(*)
    from
        cards c1_0
2026-01-29T16:12:15.685Z DEBUG 60976 --- [jpcard] [nio-8080-exec-5] org.hibernate.SQL                        :
    select
        count(ucp1_0.id)
    from
        user_card_progress ucp1_0
    where
        ucp1_0.user_id=?
        and ucp1_0.status=?
2026-01-29T16:12:15.686Z DEBUG 60976 --- [jpcard] [nio-8080-exec-5] org.hibernate.SQL                        :
    select
        count(*)
    from
        decks d1_0
2026-01-29T16:12:15.688Z DEBUG 60976 --- [jpcard] [nio-8080-exec-5] org.hibernate.SQL                        :
    select
        count(*)
    from
        posts p1_0
2026-01-29T16:12:15.695Z DEBUG 60976 --- [jpcard] [nio-8080-exec-5] org.hibernate.SQL                        :
    select
        p1_0.id,
        p1_0.author_name,
        p1_0.content,
        p1_0.ip_address,
        p1_0.is_notice,
        p1_0.like_count,
        p1_0.title
    from
        posts p1_0
2026-01-29T16:12:15.696Z DEBUG 60976 --- [jpcard] [nio-8080-exec-6] org.hibernate.SQL                        :
    select
        u1_0.id,
        u1_0.daily_limit,
        u1_0.password,
        u1_0.refresh_token,
        r1_0.user_id,
        r1_0.role,
        u1_0.status,
        u1_0.timezone,
        u1_0.username
    from
        users u1_0
    left join
        user_roles r1_0
            on u1_0.id=r1_0.user_id
    where
        u1_0.id=?
2026-01-29T16:12:15.697Z DEBUG 60976 --- [jpcard] [nio-8080-exec-5] org.hibernate.SQL                        :
    select
        count(ucp1_0.id)
    from
        user_card_progress ucp1_0
    where
        ucp1_0.user_id=?
        and ucp1_0.next_review<=?
2026-01-29T16:12:15.706Z DEBUG 60976 --- [jpcard] [nio-8080-exec-6] org.hibernate.SQL                        :
    select
        u1_0.id,
        u1_0.daily_limit,
        u1_0.password,
        u1_0.refresh_token,
        r1_0.user_id,
        r1_0.role,
        u1_0.status,
        u1_0.timezone,
        u1_0.username
    from
        users u1_0
    left join
        user_roles r1_0
            on u1_0.id=r1_0.user_id
    where
        u1_0.id=?
2026-01-29T16:12:15.711Z DEBUG 60976 --- [jpcard] [nio-8080-exec-6] org.hibernate.SQL                        :
    select
        cast(sl1_0.studied_at as date),
        count(sl1_0.id)
    from
        study_logs sl1_0
    where
        sl1_0.user_id=?
    group by
        cast(sl1_0.studied_at as date)
2026-01-29T16:12:15.736Z DEBUG 60976 --- [jpcard] [nio-8080-exec-8] org.hibernate.SQL                        :
    select
        u1_0.id,
        u1_0.daily_limit,
        u1_0.password,
        u1_0.refresh_token,
        r1_0.user_id,
        r1_0.role,
        u1_0.status,
        u1_0.timezone,
        u1_0.username
    from
        users u1_0
    left join
        user_roles r1_0
            on u1_0.id=r1_0.user_id
    where
        u1_0.id=?
2026-01-29T16:12:15.746Z DEBUG 60976 --- [jpcard] [nio-8080-exec-8] org.hibernate.SQL                        :
    select
        u1_0.id,
        u1_0.daily_limit,
        u1_0.password,
        u1_0.refresh_token,
        r1_0.user_id,
        r1_0.role,
        u1_0.status,
        u1_0.timezone,
        u1_0.username
    from
        users u1_0
    left join
        user_roles r1_0
            on u1_0.id=r1_0.user_id
    where
        u1_0.id=?
2026-01-29T16:12:15.752Z DEBUG 60976 --- [jpcard] [nio-8080-exec-8] org.hibernate.SQL                        :
    select
        cast(sl1_0.studied_at as date),
        count(sl1_0.id)
    from
        study_logs sl1_0
    where
        sl1_0.user_id=?
    group by
        cast(sl1_0.studied_at as date)
2026-01-29T16:12:15.916Z DEBUG 60976 --- [jpcard] [nio-8080-exec-7] org.hibernate.SQL                        :
    select
        u1_0.id,
        u1_0.daily_limit,
        u1_0.password,
        u1_0.refresh_token,
        r1_0.user_id,
        r1_0.role,
        u1_0.status,
        u1_0.timezone,
        u1_0.username
    from
        users u1_0
    left join
        user_roles r1_0
            on u1_0.id=r1_0.user_id
    where
        u1_0.id=?
2026-01-29T16:12:15.921Z DEBUG 60976 --- [jpcard] [nio-8080-exec-7] org.hibernate.SQL                        :
    select
        u1_0.id,
        u1_0.daily_limit,
        u1_0.password,
        u1_0.refresh_token,
        r1_0.user_id,
        r1_0.role,
        u1_0.status,
        u1_0.timezone,
        u1_0.username
    from
        users u1_0
    left join
        user_roles r1_0
            on u1_0.id=r1_0.user_id
    where
        u1_0.id=?
2026-01-29T16:12:15.925Z DEBUG 60976 --- [jpcard] [nio-8080-exec-7] org.hibernate.SQL                        :
    select
        d1_0.id,
        d1_0.card_template_id,
        d1_0.description,
        d1_0.is_public,
        d1_0.name,
        d1_0.user_id
    from
        decks d1_0
    where
        d1_0.user_id=?
2026-01-29T16:13:34.476Z DEBUG 60976 --- [jpcard] [nio-8080-exec-9] org.hibernate.SQL                        :
    select
        p1_0.id,
        p1_0.author_name,
        p1_0.content,
        p1_0.ip_address,
        p1_0.is_notice,
        p1_0.like_count,
        p1_0.title
    from
        posts p1_0
    where
        p1_0.is_notice=true
    order by
        p1_0.id desc
2026-01-29T16:13:34.488Z DEBUG 60976 --- [jpcard] [io-8080-exec-10] org.hibernate.SQL                        :
    select
        p1_0.id,
        p1_0.author_name,
        p1_0.content,
        p1_0.ip_address,
        p1_0.is_notice,
        p1_0.like_count,
        p1_0.title
    from
        posts p1_0
    where
        p1_0.is_notice=true
    order by
        p1_0.id desc
2026-01-29T16:13:35.263Z DEBUG 60976 --- [jpcard] [nio-8080-exec-1] org.hibernate.SQL                        :
    select
        u1_0.id,
        u1_0.daily_limit,
        u1_0.password,
        u1_0.refresh_token,
        u1_0.status,
        u1_0.timezone,
        u1_0.username
    from
        users u1_0
    where
        u1_0.username=?
2026-01-29T16:13:35.395Z DEBUG 60976 --- [jpcard] [nio-8080-exec-1] org.hibernate.SQL                        :
    insert
    into
        users
        (daily_limit, password, refresh_token, status, timezone, username, id)
    values
        (?, ?, ?, ?, ?, ?, default)
2026-01-29T16:13:35.398Z DEBUG 60976 --- [jpcard] [nio-8080-exec-1] org.hibernate.SQL                        :
    insert
    into
        user_roles
        (user_id, role)
    values
        (?, ?)
2026-01-29T16:13:37.377Z DEBUG 60976 --- [jpcard] [nio-8080-exec-2] org.hibernate.SQL                        :
    select
        u1_0.id,
        u1_0.daily_limit,
        u1_0.password,
        u1_0.refresh_token,
        u1_0.status,
        u1_0.timezone,
        u1_0.username
    from
        users u1_0
    where
        u1_0.username=?
2026-01-29T16:13:37.378Z DEBUG 60976 --- [jpcard] [nio-8080-exec-2] org.hibernate.SQL                        :
    select
        r1_0.user_id,
        r1_0.role
    from
        user_roles r1_0
    where
        r1_0.user_id=?
2026-01-29T16:13:37.514Z DEBUG 60976 --- [jpcard] [nio-8080-exec-2] org.hibernate.SQL                        :
    update
        users
    set
        daily_limit=?,
        password=?,
        refresh_token=?,
        status=?,
        timezone=?,
        username=?
    where
        id=?
2026-01-29T16:13:39.160Z DEBUG 60976 --- [jpcard] [nio-8080-exec-3] org.hibernate.SQL                        :
    select
        u1_0.id,
        u1_0.daily_limit,
        u1_0.password,
        u1_0.refresh_token,
        r1_0.user_id,
        r1_0.role,
        u1_0.status,
        u1_0.timezone,
        u1_0.username
    from
        users u1_0
    left join
        user_roles r1_0
            on u1_0.id=r1_0.user_id
    where
        u1_0.id=?
2026-01-29T16:13:39.167Z DEBUG 60976 --- [jpcard] [nio-8080-exec-3] org.hibernate.SQL                        :
    select
        u1_0.id,
        u1_0.daily_limit,
        u1_0.password,
        u1_0.refresh_token,
        r1_0.user_id,
        r1_0.role,
        u1_0.status,
        u1_0.timezone,
        u1_0.username
    from
        users u1_0
    left join
        user_roles r1_0
            on u1_0.id=r1_0.user_id
    where
        u1_0.id=?
2026-01-29T16:13:39.171Z DEBUG 60976 --- [jpcard] [nio-8080-exec-3] org.hibernate.SQL                        :
    select
        count(*)
    from
        cards c1_0
2026-01-29T16:13:39.174Z DEBUG 60976 --- [jpcard] [nio-8080-exec-3] org.hibernate.SQL                        :
    select
        count(ucp1_0.id)
    from
        user_card_progress ucp1_0
    where
        ucp1_0.user_id=?
        and ucp1_0.status=?
2026-01-29T16:13:39.175Z DEBUG 60976 --- [jpcard] [nio-8080-exec-3] org.hibernate.SQL                        :
    select
        count(*)
    from
        decks d1_0
2026-01-29T16:13:39.178Z DEBUG 60976 --- [jpcard] [nio-8080-exec-3] org.hibernate.SQL                        :
    select
        count(*)
    from
        posts p1_0
2026-01-29T16:13:39.182Z DEBUG 60976 --- [jpcard] [nio-8080-exec-3] org.hibernate.SQL                        :
    select
        p1_0.id,
        p1_0.author_name,
        p1_0.content,
        p1_0.ip_address,
        p1_0.is_notice,
        p1_0.like_count,
        p1_0.title
    from
        posts p1_0
2026-01-29T16:13:39.184Z DEBUG 60976 --- [jpcard] [nio-8080-exec-3] org.hibernate.SQL                        :
    select
        count(ucp1_0.id)
    from
        user_card_progress ucp1_0
    where
        ucp1_0.user_id=?
        and ucp1_0.next_review<=?
2026-01-29T16:13:39.197Z DEBUG 60976 --- [jpcard] [nio-8080-exec-4] org.hibernate.SQL                        :
    select
        u1_0.id,
        u1_0.daily_limit,
        u1_0.password,
        u1_0.refresh_token,
        r1_0.user_id,
        r1_0.role,
        u1_0.status,
        u1_0.timezone,
        u1_0.username
    from
        users u1_0
    left join
        user_roles r1_0
            on u1_0.id=r1_0.user_id
    where
        u1_0.id=?
2026-01-29T16:13:39.202Z DEBUG 60976 --- [jpcard] [nio-8080-exec-4] org.hibernate.SQL                        :
    select
        u1_0.id,
        u1_0.daily_limit,
        u1_0.password,
        u1_0.refresh_token,
        r1_0.user_id,
        r1_0.role,
        u1_0.status,
        u1_0.timezone,
        u1_0.username
    from
        users u1_0
    left join
        user_roles r1_0
            on u1_0.id=r1_0.user_id
    where
        u1_0.id=?
2026-01-29T16:13:39.206Z DEBUG 60976 --- [jpcard] [nio-8080-exec-4] org.hibernate.SQL                        :
    select
        count(*)
    from
        cards c1_0
2026-01-29T16:13:39.209Z DEBUG 60976 --- [jpcard] [nio-8080-exec-4] org.hibernate.SQL                        :
    select
        count(ucp1_0.id)
    from
        user_card_progress ucp1_0
    where
        ucp1_0.user_id=?
        and ucp1_0.status=?
2026-01-29T16:13:39.210Z DEBUG 60976 --- [jpcard] [nio-8080-exec-4] org.hibernate.SQL                        :
    select
        count(*)
    from
        decks d1_0
2026-01-29T16:13:39.210Z DEBUG 60976 --- [jpcard] [nio-8080-exec-4] org.hibernate.SQL                        :
    select
        count(*)
    from
        posts p1_0
2026-01-29T16:13:39.215Z DEBUG 60976 --- [jpcard] [nio-8080-exec-4] org.hibernate.SQL                        :
    select
        p1_0.id,
        p1_0.author_name,
        p1_0.content,
        p1_0.ip_address,
        p1_0.is_notice,
        p1_0.like_count,
        p1_0.title
    from
        posts p1_0
2026-01-29T16:13:39.217Z DEBUG 60976 --- [jpcard] [nio-8080-exec-4] org.hibernate.SQL                        :
    select
        count(ucp1_0.id)
    from
        user_card_progress ucp1_0
    where
        ucp1_0.user_id=?
        and ucp1_0.next_review<=?
2026-01-29T16:13:39.230Z DEBUG 60976 --- [jpcard] [nio-8080-exec-5] org.hibernate.SQL                        :
    select
        u1_0.id,
        u1_0.daily_limit,
        u1_0.password,
        u1_0.refresh_token,
        r1_0.user_id,
        r1_0.role,
        u1_0.status,
        u1_0.timezone,
        u1_0.username
    from
        users u1_0
    left join
        user_roles r1_0
            on u1_0.id=r1_0.user_id
    where
        u1_0.id=?
2026-01-29T16:13:39.234Z DEBUG 60976 --- [jpcard] [nio-8080-exec-5] org.hibernate.SQL                        :
    select
        u1_0.id,
        u1_0.daily_limit,
        u1_0.password,
        u1_0.refresh_token,
        r1_0.user_id,
        r1_0.role,
        u1_0.status,
        u1_0.timezone,
        u1_0.username
    from
        users u1_0
    left join
        user_roles r1_0
            on u1_0.id=r1_0.user_id
    where
        u1_0.id=?
2026-01-29T16:13:39.246Z DEBUG 60976 --- [jpcard] [nio-8080-exec-5] org.hibernate.SQL                        :
    select
        cast(sl1_0.studied_at as date),
        count(sl1_0.id)
    from
        study_logs sl1_0
    where
        sl1_0.user_id=?
    group by
        cast(sl1_0.studied_at as date)
2026-01-29T16:13:39.277Z DEBUG 60976 --- [jpcard] [nio-8080-exec-6] org.hibernate.SQL                        :
    select
        u1_0.id,
        u1_0.daily_limit,
        u1_0.password,
        u1_0.refresh_token,
        r1_0.user_id,
        r1_0.role,
        u1_0.status,
        u1_0.timezone,
        u1_0.username
    from
        users u1_0
    left join
        user_roles r1_0
            on u1_0.id=r1_0.user_id
    where
        u1_0.id=?
2026-01-29T16:13:39.285Z DEBUG 60976 --- [jpcard] [nio-8080-exec-6] org.hibernate.SQL                        :
    select
        u1_0.id,
        u1_0.daily_limit,
        u1_0.password,
        u1_0.refresh_token,
        r1_0.user_id,
        r1_0.role,
        u1_0.status,
        u1_0.timezone,
        u1_0.username
    from
        users u1_0
    left join
        user_roles r1_0
            on u1_0.id=r1_0.user_id
    where
        u1_0.id=?
2026-01-29T16:13:39.290Z DEBUG 60976 --- [jpcard] [nio-8080-exec-6] org.hibernate.SQL                        :
    select
        cast(sl1_0.studied_at as date),
        count(sl1_0.id)
    from
        study_logs sl1_0
    where
        sl1_0.user_id=?
    group by
        cast(sl1_0.studied_at as date)
2026-01-29T16:13:39.451Z DEBUG 60976 --- [jpcard] [nio-8080-exec-8] org.hibernate.SQL                        :
    select
        u1_0.id,
        u1_0.daily_limit,
        u1_0.password,
        u1_0.refresh_token,
        r1_0.user_id,
        r1_0.role,
        u1_0.status,
        u1_0.timezone,
        u1_0.username
    from
        users u1_0
    left join
        user_roles r1_0
            on u1_0.id=r1_0.user_id
    where
        u1_0.id=?
2026-01-29T16:13:39.461Z DEBUG 60976 --- [jpcard] [nio-8080-exec-8] org.hibernate.SQL                        :
    select
        u1_0.id,
        u1_0.daily_limit,
        u1_0.password,
        u1_0.refresh_token,
        r1_0.user_id,
        r1_0.role,
        u1_0.status,
        u1_0.timezone,
        u1_0.username
    from
        users u1_0
    left join
        user_roles r1_0
            on u1_0.id=r1_0.user_id
    where
        u1_0.id=?
2026-01-29T16:13:39.468Z DEBUG 60976 --- [jpcard] [nio-8080-exec-8] org.hibernate.SQL                        :
    select
        d1_0.id,
        d1_0.card_template_id,
        d1_0.description,
        d1_0.is_public,
        d1_0.name,
        d1_0.user_id
    from
        decks d1_0
    where
        d1_0.user_id=?
2026-01-29T16:13:39.488Z DEBUG 60976 --- [jpcard] [nio-8080-exec-7] org.hibernate.SQL                        :
    select
        u1_0.id,
        u1_0.daily_limit,
        u1_0.password,
        u1_0.refresh_token,
        r1_0.user_id,
        r1_0.role,
        u1_0.status,
        u1_0.timezone,
        u1_0.username
    from
        users u1_0
    left join
        user_roles r1_0
            on u1_0.id=r1_0.user_id
    where
        u1_0.id=?
2026-01-29T16:13:39.495Z DEBUG 60976 --- [jpcard] [nio-8080-exec-7] org.hibernate.SQL                        :
    select
        u1_0.id,
        u1_0.daily_limit,
        u1_0.password,
        u1_0.refresh_token,
        r1_0.user_id,
        r1_0.role,
        u1_0.status,
        u1_0.timezone,
        u1_0.username
    from
        users u1_0
    left join
        user_roles r1_0
            on u1_0.id=r1_0.user_id
    where
        u1_0.id=?
2026-01-29T16:13:39.500Z DEBUG 60976 --- [jpcard] [nio-8080-exec-7] org.hibernate.SQL                        :
    select
        d1_0.id,
        d1_0.card_template_id,
        d1_0.description,
        d1_0.is_public,
        d1_0.name,
        d1_0.user_id
    from
        decks d1_0
    where
        d1_0.user_id=?
2026-01-29T16:13:39.566Z DEBUG 60976 --- [jpcard] [nio-8080-exec-9] org.hibernate.SQL                        :
    select
        u1_0.id,
        u1_0.daily_limit,
        u1_0.password,
        u1_0.refresh_token,
        r1_0.user_id,
        r1_0.role,
        u1_0.status,
        u1_0.timezone,
        u1_0.username
    from
        users u1_0
    left join
        user_roles r1_0
            on u1_0.id=r1_0.user_id
    where
        u1_0.id=?
2026-01-29T16:13:39.572Z DEBUG 60976 --- [jpcard] [nio-8080-exec-9] org.hibernate.SQL                        :
    select
        u1_0.id,
        u1_0.daily_limit,
        u1_0.password,
        u1_0.refresh_token,
        r1_0.user_id,
        r1_0.role,
        u1_0.status,
        u1_0.timezone,
        u1_0.username
    from
        users u1_0
    left join
        user_roles r1_0
            on u1_0.id=r1_0.user_id
    where
        u1_0.id=?
2026-01-29T16:13:39.585Z DEBUG 60976 --- [jpcard] [nio-8080-exec-9] org.hibernate.SQL                        :
    select
        d1_0.id,
        d1_0.card_template_id,
        d1_0.description,
        d1_0.is_public,
        d1_0.name,
        d1_0.user_id
    from
        decks d1_0
    where
        d1_0.is_public=true
2026-01-29T16:15:31.798Z DEBUG 60976 --- [jpcard] [io-8080-exec-10] org.hibernate.SQL                        :
    select
        p1_0.id,
        p1_0.author_name,
        p1_0.content,
        p1_0.ip_address,
        p1_0.is_notice,
        p1_0.like_count,
        p1_0.title
    from
        posts p1_0
    where
        p1_0.is_notice=true
    order by
        p1_0.id desc
2026-01-29T16:15:31.809Z DEBUG 60976 --- [jpcard] [nio-8080-exec-1] org.hibernate.SQL                        :
    select
        p1_0.id,
        p1_0.author_name,
        p1_0.content,
        p1_0.ip_address,
        p1_0.is_notice,
        p1_0.like_count,
        p1_0.title
    from
        posts p1_0
    where
        p1_0.is_notice=true
    order by
        p1_0.id desc
2026-01-29T16:15:32.774Z DEBUG 60976 --- [jpcard] [nio-8080-exec-2] org.hibernate.SQL                        :
    select
        u1_0.id,
        u1_0.daily_limit,
        u1_0.password,
        u1_0.refresh_token,
        u1_0.status,
        u1_0.timezone,
        u1_0.username
    from
        users u1_0
    where
        u1_0.username=?
2026-01-29T16:15:32.776Z DEBUG 60976 --- [jpcard] [nio-8080-exec-2] org.hibernate.SQL                        :
    select
        r1_0.user_id,
        r1_0.role
    from
        user_roles r1_0
    where
        r1_0.user_id=?
2026-01-29T16:15:32.915Z DEBUG 60976 --- [jpcard] [nio-8080-exec-2] org.hibernate.SQL                        :
    update
        users
    set
        daily_limit=?,
        password=?,
        refresh_token=?,
        status=?,
        timezone=?,
        username=?
    where
        id=?
2026-01-29T16:15:34.586Z DEBUG 60976 --- [jpcard] [nio-8080-exec-3] org.hibernate.SQL                        :
    select
        u1_0.id,
        u1_0.daily_limit,
        u1_0.password,
        u1_0.refresh_token,
        r1_0.user_id,
        r1_0.role,
        u1_0.status,
        u1_0.timezone,
        u1_0.username
    from
        users u1_0
    left join
        user_roles r1_0
            on u1_0.id=r1_0.user_id
    where
        u1_0.id=?
2026-01-29T16:15:34.594Z DEBUG 60976 --- [jpcard] [nio-8080-exec-3] org.hibernate.SQL                        :
    select
        u1_0.id,
        u1_0.daily_limit,
        u1_0.password,
        u1_0.refresh_token,
        r1_0.user_id,
        r1_0.role,
        u1_0.status,
        u1_0.timezone,
        u1_0.username
    from
        users u1_0
    left join
        user_roles r1_0
            on u1_0.id=r1_0.user_id
    where
        u1_0.id=?
2026-01-29T16:15:34.615Z DEBUG 60976 --- [jpcard] [nio-8080-exec-3] org.hibernate.SQL                        :
    select
        ct1_0.id,
        ct1_0.name,
        ct1_0.user_id
    from
        card_templates ct1_0
    where
        ct1_0.user_id=?
        or ct1_0.user_id is null
2026-01-29T16:15:34.622Z DEBUG 60976 --- [jpcard] [nio-8080-exec-3] org.hibernate.SQL                        :
    select
        fn1_0.template_id,
        fn1_0.field_order,
        fn1_0.field_name
    from
        card_template_fields fn1_0
    where
        fn1_0.template_id=?
2026-01-29T16:15:34.672Z DEBUG 60976 --- [jpcard] [nio-8080-exec-4] org.hibernate.SQL                        :
    select
        u1_0.id,
        u1_0.daily_limit,
        u1_0.password,
        u1_0.refresh_token,
        r1_0.user_id,
        r1_0.role,
        u1_0.status,
        u1_0.timezone,
        u1_0.username
    from
        users u1_0
    left join
        user_roles r1_0
            on u1_0.id=r1_0.user_id
    where
        u1_0.id=?
2026-01-29T16:15:34.679Z DEBUG 60976 --- [jpcard] [nio-8080-exec-4] org.hibernate.SQL                        :
    select
        u1_0.id,
        u1_0.daily_limit,
        u1_0.password,
        u1_0.refresh_token,
        r1_0.user_id,
        r1_0.role,
        u1_0.status,
        u1_0.timezone,
        u1_0.username
    from
        users u1_0
    left join
        user_roles r1_0
            on u1_0.id=r1_0.user_id
    where
        u1_0.id=?
2026-01-29T16:15:34.685Z DEBUG 60976 --- [jpcard] [nio-8080-exec-4] org.hibernate.SQL                        :
    select
        ct1_0.id,
        ct1_0.name,
        ct1_0.user_id
    from
        card_templates ct1_0
    where
        ct1_0.user_id=?
        or ct1_0.user_id is null
2026-01-29T16:15:34.685Z DEBUG 60976 --- [jpcard] [nio-8080-exec-4] org.hibernate.SQL                        :
    select
        fn1_0.template_id,
        fn1_0.field_order,
        fn1_0.field_name
    from
        card_template_fields fn1_0
    where
        fn1_0.template_id=?
2026-01-29T16:15:34.856Z DEBUG 60976 --- [jpcard] [nio-8080-exec-5] org.hibernate.SQL                        :
    select
        u1_0.id,
        u1_0.daily_limit,
        u1_0.password,
        u1_0.refresh_token,
        r1_0.user_id,
        r1_0.role,
        u1_0.status,
        u1_0.timezone,
        u1_0.username
    from
        users u1_0
    left join
        user_roles r1_0
            on u1_0.id=r1_0.user_id
    where
        u1_0.id=?
2026-01-29T16:15:34.864Z DEBUG 60976 --- [jpcard] [nio-8080-exec-5] org.hibernate.SQL                        :
    select
        u1_0.id,
        u1_0.daily_limit,
        u1_0.password,
        u1_0.refresh_token,
        r1_0.user_id,
        r1_0.role,
        u1_0.status,
        u1_0.timezone,
        u1_0.username
    from
        users u1_0
    left join
        user_roles r1_0
            on u1_0.id=r1_0.user_id
    where
        u1_0.id=?
2026-01-29T16:15:34.892Z DEBUG 60976 --- [jpcard] [nio-8080-exec-5] org.hibernate.SQL                        :
    select
        ct1_0.id,
        fn1_0.template_id,
        fn1_0.field_order,
        fn1_0.field_name,
        ct1_0.name,
        ct1_0.user_id
    from
        card_templates ct1_0
    left join
        card_template_fields fn1_0
            on ct1_0.id=fn1_0.template_id
    where
        ct1_0.id=?
2026-01-29T16:15:34.909Z DEBUG 60976 --- [jpcard] [nio-8080-exec-5] org.hibernate.SQL                        :
    insert
    into
        decks
        (card_template_id, description, is_public, name, user_id, id)
    values
        (?, ?, ?, ?, ?, default)
2026-01-29T16:15:34.957Z DEBUG 60976 --- [jpcard] [nio-8080-exec-6] org.hibernate.SQL                        :
    select
        u1_0.id,
        u1_0.daily_limit,
        u1_0.password,
        u1_0.refresh_token,
        r1_0.user_id,
        r1_0.role,
        u1_0.status,
        u1_0.timezone,
        u1_0.username
    from
        users u1_0
    left join
        user_roles r1_0
            on u1_0.id=r1_0.user_id
    where
        u1_0.id=?
2026-01-29T16:15:34.961Z DEBUG 60976 --- [jpcard] [nio-8080-exec-6] org.hibernate.SQL                        :
    select
        u1_0.id,
        u1_0.daily_limit,
        u1_0.password,
        u1_0.refresh_token,
        r1_0.user_id,
        r1_0.role,
        u1_0.status,
        u1_0.timezone,
        u1_0.username
    from
        users u1_0
    left join
        user_roles r1_0
            on u1_0.id=r1_0.user_id
    where
        u1_0.id=?
2026-01-29T16:15:34.969Z DEBUG 60976 --- [jpcard] [nio-8080-exec-6] org.hibernate.SQL                        :
    select
        d1_0.id,
        d1_0.card_template_id,
        d1_0.description,
        d1_0.is_public,
        d1_0.name,
        d1_0.user_id
    from
        decks d1_0
    where
        d1_0.user_id=?
2026-01-29T16:15:34.990Z DEBUG 60976 --- [jpcard] [nio-8080-exec-6] org.hibernate.SQL                        :
    select
        ct1_0.id,
        fn1_0.template_id,
        fn1_0.field_order,
        fn1_0.field_name,
        ct1_0.name,
        ct1_0.user_id
    from
        card_templates ct1_0
    left join
        card_template_fields fn1_0
            on ct1_0.id=fn1_0.template_id
    where
        ct1_0.id=?
2026-01-29T16:15:35.022Z DEBUG 60976 --- [jpcard] [nio-8080-exec-8] org.hibernate.SQL                        :
    select
        u1_0.id,
        u1_0.daily_limit,
        u1_0.password,
        u1_0.refresh_token,
        r1_0.user_id,
        r1_0.role,
        u1_0.status,
        u1_0.timezone,
        u1_0.username
    from
        users u1_0
    left join
        user_roles r1_0
            on u1_0.id=r1_0.user_id
    where
        u1_0.id=?
2026-01-29T16:15:35.030Z DEBUG 60976 --- [jpcard] [nio-8080-exec-8] org.hibernate.SQL                        :
    select
        u1_0.id,
        u1_0.daily_limit,
        u1_0.password,
        u1_0.refresh_token,
        r1_0.user_id,
        r1_0.role,
        u1_0.status,
        u1_0.timezone,
        u1_0.username
    from
        users u1_0
    left join
        user_roles r1_0
            on u1_0.id=r1_0.user_id
    where
        u1_0.id=?
2026-01-29T16:15:35.037Z DEBUG 60976 --- [jpcard] [nio-8080-exec-8] org.hibernate.SQL                        :
    select
        d1_0.id,
        d1_0.card_template_id,
        d1_0.description,
        d1_0.is_public,
        d1_0.name,
        d1_0.user_id
    from
        decks d1_0
    where
        d1_0.user_id=?
2026-01-29T16:15:35.041Z DEBUG 60976 --- [jpcard] [nio-8080-exec-8] org.hibernate.SQL                        :
    select
        ct1_0.id,
        fn1_0.template_id,
        fn1_0.field_order,
        fn1_0.field_name,
        ct1_0.name,
        ct1_0.user_id
    from
        card_templates ct1_0
    left join
        card_template_fields fn1_0
            on ct1_0.id=fn1_0.template_id
    where
        ct1_0.id=?
2026-01-29T16:15:37.355Z DEBUG 60976 --- [jpcard] [io-8080-exec-10] org.hibernate.SQL                        :
    select
        u1_0.id,
        u1_0.daily_limit,
        u1_0.password,
        u1_0.refresh_token,
        u1_0.status,
        u1_0.timezone,
        u1_0.username
    from
        users u1_0
    where
        u1_0.username=?
2026-01-29T16:15:37.500Z DEBUG 60976 --- [jpcard] [io-8080-exec-10] org.hibernate.SQL                        :
    insert
    into
        users
        (daily_limit, password, refresh_token, status, timezone, username, id)
    values
        (?, ?, ?, ?, ?, ?, default)
2026-01-29T16:15:37.506Z DEBUG 60976 --- [jpcard] [io-8080-exec-10] org.hibernate.SQL                        :
    insert
    into
        user_roles
        (user_id, role)
    values
        (?, ?)
2026-01-29T16:15:39.471Z DEBUG 60976 --- [jpcard] [nio-8080-exec-1] org.hibernate.SQL                        :
    select
        u1_0.id,
        u1_0.daily_limit,
        u1_0.password,
        u1_0.refresh_token,
        u1_0.status,
        u1_0.timezone,
        u1_0.username
    from
        users u1_0
    where
        u1_0.username=?
2026-01-29T16:15:39.473Z DEBUG 60976 --- [jpcard] [nio-8080-exec-1] org.hibernate.SQL                        :
    select
        r1_0.user_id,
        r1_0.role
    from
        user_roles r1_0
    where
        r1_0.user_id=?
2026-01-29T16:15:39.621Z DEBUG 60976 --- [jpcard] [nio-8080-exec-1] org.hibernate.SQL                        :
    update
        users
    set
        daily_limit=?,
        password=?,
        refresh_token=?,
        status=?,
        timezone=?,
        username=?
    where
        id=?
2026-01-29T16:15:41.244Z DEBUG 60976 --- [jpcard] [nio-8080-exec-2] org.hibernate.SQL                        :
    select
        u1_0.id,
        u1_0.daily_limit,
        u1_0.password,
        u1_0.refresh_token,
        r1_0.user_id,
        r1_0.role,
        u1_0.status,
        u1_0.timezone,
        u1_0.username
    from
        users u1_0
    left join
        user_roles r1_0
            on u1_0.id=r1_0.user_id
    where
        u1_0.id=?
2026-01-29T16:15:41.250Z DEBUG 60976 --- [jpcard] [nio-8080-exec-2] org.hibernate.SQL                        :
    select
        u1_0.id,
        u1_0.daily_limit,
        u1_0.password,
        u1_0.refresh_token,
        r1_0.user_id,
        r1_0.role,
        u1_0.status,
        u1_0.timezone,
        u1_0.username
    from
        users u1_0
    left join
        user_roles r1_0
            on u1_0.id=r1_0.user_id
    where
        u1_0.id=?
2026-01-29T16:15:41.253Z DEBUG 60976 --- [jpcard] [nio-8080-exec-2] org.hibernate.SQL                        :
    select
        count(*)
    from
        cards c1_0
2026-01-29T16:15:41.255Z DEBUG 60976 --- [jpcard] [nio-8080-exec-2] org.hibernate.SQL                        :
    select
        count(ucp1_0.id)
    from
        user_card_progress ucp1_0
    where
        ucp1_0.user_id=?
        and ucp1_0.status=?
2026-01-29T16:15:41.259Z DEBUG 60976 --- [jpcard] [nio-8080-exec-2] org.hibernate.SQL                        :
    select
        count(*)
    from
        decks d1_0
2026-01-29T16:15:41.263Z DEBUG 60976 --- [jpcard] [nio-8080-exec-2] org.hibernate.SQL                        :
    select
        count(*)
    from
        posts p1_0
2026-01-29T16:15:41.266Z DEBUG 60976 --- [jpcard] [nio-8080-exec-2] org.hibernate.SQL                        :
    select
        p1_0.id,
        p1_0.author_name,
        p1_0.content,
        p1_0.ip_address,
        p1_0.is_notice,
        p1_0.like_count,
        p1_0.title
    from
        posts p1_0
2026-01-29T16:15:41.269Z DEBUG 60976 --- [jpcard] [nio-8080-exec-2] org.hibernate.SQL                        :
    select
        count(ucp1_0.id)
    from
        user_card_progress ucp1_0
    where
        ucp1_0.user_id=?
        and ucp1_0.next_review<=?
2026-01-29T16:15:41.285Z DEBUG 60976 --- [jpcard] [nio-8080-exec-3] org.hibernate.SQL                        :
    select
        u1_0.id,
        u1_0.daily_limit,
        u1_0.password,
        u1_0.refresh_token,
        r1_0.user_id,
        r1_0.role,
        u1_0.status,
        u1_0.timezone,
        u1_0.username
    from
        users u1_0
    left join
        user_roles r1_0
            on u1_0.id=r1_0.user_id
    where
        u1_0.id=?
2026-01-29T16:15:41.287Z DEBUG 60976 --- [jpcard] [nio-8080-exec-3] org.hibernate.SQL                        :
    select
        u1_0.id,
        u1_0.daily_limit,
        u1_0.password,
        u1_0.refresh_token,
        r1_0.user_id,
        r1_0.role,
        u1_0.status,
        u1_0.timezone,
        u1_0.username
    from
        users u1_0
    left join
        user_roles r1_0
            on u1_0.id=r1_0.user_id
    where
        u1_0.id=?
2026-01-29T16:15:41.289Z DEBUG 60976 --- [jpcard] [nio-8080-exec-3] org.hibernate.SQL                        :
    select
        count(*)
    from
        cards c1_0
2026-01-29T16:15:41.291Z DEBUG 60976 --- [jpcard] [nio-8080-exec-3] org.hibernate.SQL                        :
    select
        count(ucp1_0.id)
    from
        user_card_progress ucp1_0
    where
        ucp1_0.user_id=?
        and ucp1_0.status=?
2026-01-29T16:15:41.291Z DEBUG 60976 --- [jpcard] [nio-8080-exec-3] org.hibernate.SQL                        :
    select
        count(*)
    from
        decks d1_0
2026-01-29T16:15:41.294Z DEBUG 60976 --- [jpcard] [nio-8080-exec-3] org.hibernate.SQL                        :
    select
        count(*)
    from
        posts p1_0
2026-01-29T16:15:41.297Z DEBUG 60976 --- [jpcard] [nio-8080-exec-3] org.hibernate.SQL                        :
    select
        p1_0.id,
        p1_0.author_name,
        p1_0.content,
        p1_0.ip_address,
        p1_0.is_notice,
        p1_0.like_count,
        p1_0.title
    from
        posts p1_0
2026-01-29T16:15:41.298Z DEBUG 60976 --- [jpcard] [nio-8080-exec-3] org.hibernate.SQL                        :
    select
        count(ucp1_0.id)
    from
        user_card_progress ucp1_0
    where
        ucp1_0.user_id=?
        and ucp1_0.next_review<=?
2026-01-29T16:15:41.350Z DEBUG 60976 --- [jpcard] [nio-8080-exec-4] org.hibernate.SQL                        :
    select
        u1_0.id,
        u1_0.daily_limit,
        u1_0.password,
        u1_0.refresh_token,
        r1_0.user_id,
        r1_0.role,
        u1_0.status,
        u1_0.timezone,
        u1_0.username
    from
        users u1_0
    left join
        user_roles r1_0
            on u1_0.id=r1_0.user_id
    where
        u1_0.id=?
2026-01-29T16:15:41.353Z DEBUG 60976 --- [jpcard] [nio-8080-exec-4] org.hibernate.SQL                        :
    select
        u1_0.id,
        u1_0.daily_limit,
        u1_0.password,
        u1_0.refresh_token,
        r1_0.user_id,
        r1_0.role,
        u1_0.status,
        u1_0.timezone,
        u1_0.username
    from
        users u1_0
    left join
        user_roles r1_0
            on u1_0.id=r1_0.user_id
    where
        u1_0.id=?
2026-01-29T16:15:41.357Z DEBUG 60976 --- [jpcard] [nio-8080-exec-4] org.hibernate.SQL                        :
    select
        cast(sl1_0.studied_at as date),
        count(sl1_0.id)
    from
        study_logs sl1_0
    where
        sl1_0.user_id=?
    group by
        cast(sl1_0.studied_at as date)
2026-01-29T16:15:41.368Z DEBUG 60976 --- [jpcard] [nio-8080-exec-5] org.hibernate.SQL                        :
    select
        u1_0.id,
        u1_0.daily_limit,
        u1_0.password,
        u1_0.refresh_token,
        r1_0.user_id,
        r1_0.role,
        u1_0.status,
        u1_0.timezone,
        u1_0.username
    from
        users u1_0
    left join
        user_roles r1_0
            on u1_0.id=r1_0.user_id
    where
        u1_0.id=?
2026-01-29T16:15:41.373Z DEBUG 60976 --- [jpcard] [nio-8080-exec-5] org.hibernate.SQL                        :
    select
        u1_0.id,
        u1_0.daily_limit,
        u1_0.password,
        u1_0.refresh_token,
        r1_0.user_id,
        r1_0.role,
        u1_0.status,
        u1_0.timezone,
        u1_0.username
    from
        users u1_0
    left join
        user_roles r1_0
            on u1_0.id=r1_0.user_id
    where
        u1_0.id=?
2026-01-29T16:15:41.375Z DEBUG 60976 --- [jpcard] [nio-8080-exec-5] org.hibernate.SQL                        :
    select
        cast(sl1_0.studied_at as date),
        count(sl1_0.id)
    from
        study_logs sl1_0
    where
        sl1_0.user_id=?
    group by
        cast(sl1_0.studied_at as date)
2026-01-29T16:15:41.505Z DEBUG 60976 --- [jpcard] [nio-8080-exec-6] org.hibernate.SQL                        :
    select
        u1_0.id,
        u1_0.daily_limit,
        u1_0.password,
        u1_0.refresh_token,
        r1_0.user_id,
        r1_0.role,
        u1_0.status,
        u1_0.timezone,
        u1_0.username
    from
        users u1_0
    left join
        user_roles r1_0
            on u1_0.id=r1_0.user_id
    where
        u1_0.id=?
2026-01-29T16:15:41.509Z DEBUG 60976 --- [jpcard] [nio-8080-exec-6] org.hibernate.SQL                        :
    select
        u1_0.id,
        u1_0.daily_limit,
        u1_0.password,
        u1_0.refresh_token,
        r1_0.user_id,
        r1_0.role,
        u1_0.status,
        u1_0.timezone,
        u1_0.username
    from
        users u1_0
    left join
        user_roles r1_0
            on u1_0.id=r1_0.user_id
    where
        u1_0.id=?
2026-01-29T16:15:41.513Z DEBUG 60976 --- [jpcard] [nio-8080-exec-6] org.hibernate.SQL                        :
    select
        d1_0.id,
        d1_0.card_template_id,
        d1_0.description,
        d1_0.is_public,
        d1_0.name,
        d1_0.user_id
    from
        decks d1_0
    where
        d1_0.user_id=?
2026-01-29T16:15:41.531Z DEBUG 60976 --- [jpcard] [nio-8080-exec-8] org.hibernate.SQL                        :
    select
        u1_0.id,
        u1_0.daily_limit,
        u1_0.password,
        u1_0.refresh_token,
        r1_0.user_id,
        r1_0.role,
        u1_0.status,
        u1_0.timezone,
        u1_0.username
    from
        users u1_0
    left join
        user_roles r1_0
            on u1_0.id=r1_0.user_id
    where
        u1_0.id=?
2026-01-29T16:15:41.533Z DEBUG 60976 --- [jpcard] [nio-8080-exec-8] org.hibernate.SQL                        :
    select
        u1_0.id,
        u1_0.daily_limit,
        u1_0.password,
        u1_0.refresh_token,
        r1_0.user_id,
        r1_0.role,
        u1_0.status,
        u1_0.timezone,
        u1_0.username
    from
        users u1_0
    left join
        user_roles r1_0
            on u1_0.id=r1_0.user_id
    where
        u1_0.id=?
2026-01-29T16:15:41.540Z DEBUG 60976 --- [jpcard] [nio-8080-exec-8] org.hibernate.SQL                        :
    select
        d1_0.id,
        d1_0.card_template_id,
        d1_0.description,
        d1_0.is_public,
        d1_0.name,
        d1_0.user_id
    from
        decks d1_0
    where
        d1_0.user_id=?
2026-01-29T16:15:41.586Z DEBUG 60976 --- [jpcard] [nio-8080-exec-7] org.hibernate.SQL                        :
    select
        u1_0.id,
        u1_0.daily_limit,
        u1_0.password,
        u1_0.refresh_token,
        r1_0.user_id,
        r1_0.role,
        u1_0.status,
        u1_0.timezone,
        u1_0.username
    from
        users u1_0
    left join
        user_roles r1_0
            on u1_0.id=r1_0.user_id
    where
        u1_0.id=?
2026-01-29T16:15:41.589Z DEBUG 60976 --- [jpcard] [nio-8080-exec-7] org.hibernate.SQL                        :
    select
        u1_0.id,
        u1_0.daily_limit,
        u1_0.password,
        u1_0.refresh_token,
        r1_0.user_id,
        r1_0.role,
        u1_0.status,
        u1_0.timezone,
        u1_0.username
    from
        users u1_0
    left join
        user_roles r1_0
            on u1_0.id=r1_0.user_id
    where
        u1_0.id=?
2026-01-29T16:15:41.593Z DEBUG 60976 --- [jpcard] [nio-8080-exec-7] org.hibernate.SQL                        :
    select
        d1_0.id,
        d1_0.card_template_id,
        d1_0.description,
        d1_0.is_public,
        d1_0.name,
        d1_0.user_id
    from
        decks d1_0
    where
        d1_0.is_public=true
2026-01-29T16:17:47.197Z  INFO 60976 --- [jpcard] [ionShutdownHook] o.s.boot.tomcat.GracefulShutdown         : Commencing graceful shutdown. Waiting for active requests to complete
2026-01-29T16:17:47.227Z  INFO 60976 --- [jpcard] [tomcat-shutdown] o.s.boot.tomcat.GracefulShutdown         : Graceful shutdown complete
2026-01-29T16:17:47.267Z  INFO 60976 --- [jpcard] [ionShutdownHook] j.LocalContainerEntityManagerFactoryBean : Closing JPA EntityManagerFactory for persistence unit 'default'
2026-01-29T16:17:47.302Z  INFO 60976 --- [jpcard] [ionShutdownHook] com.zaxxer.hikari.HikariDataSource       : HikariPool-1 - Shutdown initiated...
2026-01-29T16:17:47.314Z  INFO 60976 --- [jpcard] [ionShutdownHook] com.zaxxer.hikari.HikariDataSource       : HikariPool-1 - Shutdown completed.

> Task :bootRun FAILED

FAILURE: Build failed with an exception.

* What went wrong:
Execution failed for task ':bootRun'.
> Process 'command '/usr/lib/jvm/java-21-openjdk-amd64/bin/java'' finished with non-zero exit value 143

* Try:
> Run with --stacktrace option to get the stack trace.
> Run with --info or --debug option to get more log output.
> Run with --scan to generate a Build Scan (powered by Develocity).
> Get more help at https://help.gradle.org.

BUILD FAILED in 1h 33m 55s
4 actionable tasks: 2 executed, 2 up-to-date
